,Country,Jan2015,Feb2015,Mar2015,Apr2015,May2015,Jun2015,Jul2015,Aug2015,Sep2015,Oct2015,Nov2015,Dec2015,Jan2016,Feb2016,Mar2016,Apr2016,May2016,Jun2016,Jul2016,Aug2016,Sep2016,Oct2016,Nov2016,Dec2016,Jan2017,Feb2017,Mar2017,Apr2017,May2017,Jun2017,Jul2017,Aug2017,Sep2017,Oct2017,Nov2017,Dec2017,Jan2018,Feb2018,Mar2018,Apr2018,May2018,Jun2018,Jul2018,Aug2018,Sep2018,Oct2018,Nov2018,Dec2018,Jan2019,Feb2019,Mar2019,Apr2019,May2019,Jun2019,Jul2019,Aug2019,Sep2019,Oct2019,Nov2019,Dec2019,Jan2020,Feb2020,Mar2020,Apr2020,May2020,Jun2020,Jul2020,Aug2020,Sep2020,Oct2020,Nov2020,Dec2020,Jan2021,Feb2021,Mar2021,Apr2021,May2021,Jun2021,Jul2021,Aug2021,Sep2021,Oct2021,Nov2021,Dec2021,Jan2022,Feb2022,Mar2022,Apr2022,May2022,Jun2022,Jul2022,Aug2022,Sep2022,Oct2022,Nov2022,Dec2022,Jan2023,Feb2023,Mar2023,Apr2023
0,Afghanistan,90,125,220,135,220,195,250,145,375,270,335,265,215,295,765,285,200,740,210,125,610,255,160,535,230,325,930,330,210,750,310,235,820,290,260,955,295,380,1200,275,325,870,200,280,720,270,275,770,350,340,340,375,530,360,315,170,280,340,330,160,195,300,730,5,35,95,85,95,360,120,185,475,200,135,545,140,180,475,180,1535,2725,1130,2430,4825,1650,2075,4590,2475,2145,6835,1225,3520,5875,2240,1545,6450,715,875,1320,1105
1,Albania,15,25,50,45,45,75,45,65,60,35,50,55,50,30,145,45,60,150,30,40,110,40,25,105,40,80,170,70,65,190,75,70,175,35,40,110,55,75,180,45,55,175,50,55,155,45,55,135,35,25,65,65,65,70,45,50,75,60,35,30,40,35,110,5,20,45,30,20,70,20,30,65,45,25,115,35,45,115,60,75,190,45,45,130,50,65,165,40,50,165,40,55,125,15,20,65,85,60,70,25
2,Algeria,80,125,235,255,340,280,310,280,355,225,170,175,95,100,410,300,330,880,585,255,1055,190,130,475,140,270,530,280,250,740,505,215,925,145,150,440,150,360,625,210,340,855,225,375,935,295,190,810,125,135,420,295,120,450,430,275,370,400,365,320,220,265,725,70,80,260,335,440,1085,270,175,645,180,125,465,90,245,445,590,280,1155,365,325,1010,360,530,1090,630,710,1735,390,735,2205,300,350,1140,225,265,320,285
3,Andorra,0,0,0,0,0,0,0,0,0,0,0,0,0,0,0,0,0,0,0,0,0,0,0,0,0,0,0,0,0,0,0,0,0,0,0,0,0,0,0,0,0,0,0,0,0,0,0,0,0,0,0,0,0,0,0,0,0,0,0,0,0,0,0,0,0,0,0,0,0,0,0,0,0,0,0,0,0,0,0,0,0,0,0,0,0,0,0,0,0,0,0,0,0,0,0,0,0,0,0,0
4,Angola,0,0,0,10,0,0,0,0,0,0,0,5,0,5,10,0,10,15,0,0,5,0,0,0,5,0,10,5,5,15,10,0,10,0,0,5,5,0,5,0,5,10,0,0,10,5,0,10,5,5,0,10,0,10,10,0,5,5,0,0,0,10,15,0,0,0,0,0,10,5,0,10,5,20,35,5,0,15,15,15,45,25,15,60,25,20,60,30,25,105,20,10,60,5,0,15,25,35,25,25
5,Antigua and Barbuda,0,5,10,0,0,5,5,5,5,0,0,0,0,10,10,0,0,10,5,0,15,0,0,10,5,5,25,10,0,20,10,0,15,5,10,20,0,10,20,5,10,25,0,0,15,10,5,25,10,5,0,10,20,10,15,10,10,5,15,5,0,0,15,0,0,5,0,0,5,0,0,10,15,0,25,5,5,20,10,20,35,15,15,40,5,10,25,10,5,25,10,10,35,0,5,20,25,10,10,10
6,Argentina,10,15,15,25,25,20,25,20,20,10,20,25,30,15,70,35,40,100,20,25,60,20,10,35,30,15,60,15,20,50,25,20,55,20,25,65,25,25,70,20,25,60,35,25,90,15,20,55,20,10,25,20,20,25,45,40,25,40,20,10,20,30,70,5,15,55,5,10,35,5,20,35,25,25,70,20,50,90,25,35,105,50,55,145,35,55,120,25,25,80,35,30,110,20,15,50,55,50,45,30
7,Armenia,10,10,10,20,15,40,45,50,40,25,15,30,10,20,50,35,15,90,35,45,140,45,10,70,10,30,70,30,30,75,30,15,50,20,20,60,15,20,50,15,15,45,20,25,70,20,5,45,5,5,10,15,20,15,40,20,25,20,15,10,10,10,30,0,5,10,10,0,20,10,20,50,5,0,20,5,5,25,10,15,35,5,10,20,20,0,30,5,15,40,10,10,30,5,15,40,15,15,15,5
8,Australia,95,70,100,145,160,110,135,140,140,140,125,110,155,140,465,205,180,570,155,160,405,90,95,265,165,165,510,140,130,410,125,165,450,155,185,495,170,215,610,160,205,560,180,155,525,165,135,485,150,125,195,180,190,210,235,170,205,195,145,135,165,160,445,25,80,280,70,60,225,75,95,225,110,130,355,120,275,520,225,220,660,205,155,540,130,155,450,120,135,375,100,80,300,40,60,145,190,190,150,70
9,Austria,10,10,5,10,10,15,5,5,15,10,0,10,5,15,25,15,10,30,5,10,20,10,10,20,10,5,30,10,10,25,10,10,25,0,15,25,5,15,30,0,10,25,5,5,25,0,5,15,5,5,10,0,15,10,15,10,15,10,5,5,10,10,30,0,5,15,10,0,15,5,0,10,0,5,15,5,15,30,10,15,40,10,10,25,15,10,35,10,5,25,10,10,25,0,10,15,25,15,10,10
10,Azerbaijan,5,10,0,0,0,10,15,30,5,10,10,0,5,20,35,15,20,45,10,0,15,5,5,20,0,5,20,10,10,20,15,10,30,15,10,40,30,20,55,30,20,65,35,25,95,35,20,80,30,25,30,35,55,80,25,30,30,15,15,20,25,20,55,10,5,35,15,15,45,25,15,60,60,50,155,25,30,70,50,45,125,70,40,160,25,40,95,30,40,110,25,30,90,15,15,60,40,25,25,10
11,Azores,0,0,0,0,0,0,0,0,0,0,0,0,0,0,0,0,0,0,0,0,0,0,0,0,0,0,0,0,0,0,0,0,0,0,0,0,0,0,0,0,0,0,0,0,0,0,0,0,0,0,0,0,0,0,0,0,0,0,0,0,0,0,0,0,0,0,0,0,0,0,0,0,0,0,0,0,0,0,0,0,0,0,0,0,0,0,0,0,0,0,0,0,0,0,0,0,0,0,0,0
12,"Bahama Islands, The",0,10,10,0,5,0,10,5,10,0,5,10,5,10,20,10,10,25,10,10,20,0,10,15,0,15,35,10,10,30,5,5,30,10,20,30,15,15,50,10,20,35,25,10,45,15,15,45,20,10,15,25,30,10,25,25,15,10,15,10,15,15,35,0,15,25,15,5,25,5,10,25,35,25,70,20,40,85,30,40,105,35,30,110,40,35,100,20,30,85,25,15,75,0,10,20,75,75,25,20
13,Bahrain,0,5,0,5,0,5,0,0,0,0,10,0,5,0,5,0,0,5,0,0,5,0,0,0,10,0,10,5,0,10,0,10,10,0,0,0,10,0,15,10,0,15,10,0,15,0,0,0,5,0,5,5,0,0,10,0,0,0,0,0,0,0,0,0,0,0,0,0,0,0,5,10,0,0,5,0,0,5,0,0,10,0,0,5,0,0,5,0,0,5,0,0,5,0,0,0,0,0,0,0
14,Bangladesh,110,145,315,260,325,290,280,290,345,465,250,235,240,310,895,320,270,855,325,215,790,270,225,690,185,295,685,275,305,930,390,295,935,230,265,640,295,335,820,280,330,870,225,315,835,215,200,680,180,215,305,320,250,395,345,255,430,285,255,165,195,270,665,40,125,285,165,120,375,120,120,290,230,180,585,130,305,580,285,325,840,335,305,990,365,350,1020,330,435,1065,345,390,1230,200,130,740,365,475,535,360
15,Barbados,0,10,10,15,15,10,15,15,20,15,10,10,15,5,30,15,15,40,15,15,50,5,10,20,15,15,50,15,10,35,10,10,40,20,35,70,10,20,50,10,10,35,20,10,40,15,15,55,15,25,20,25,30,25,20,35,25,15,15,10,30,20,60,0,15,30,10,5,25,10,0,20,15,25,50,15,20,60,15,30,70,10,35,75,20,20,60,10,20,45,25,20,55,5,10,25,35,30,30,20
16,Belarus,10,15,10,15,15,20,5,35,25,20,20,20,25,20,75,25,50,100,35,25,105,25,30,70,10,45,80,40,55,125,15,35,65,20,10,40,25,25,70,20,35,75,15,20,50,25,10,60,10,10,15,10,30,35,25,20,30,25,25,10,10,10,45,0,5,25,10,15,35,10,10,25,15,15,45,10,25,40,20,15,45,10,20,50,15,20,55,5,10,20,20,15,40,10,5,30,35,20,10,15
17,Belgium,25,15,20,35,55,30,45,35,35,35,25,20,35,30,110,50,55,155,40,35,105,30,25,90,50,35,145,35,60,135,50,35,130,35,35,95,30,45,100,25,45,95,55,40,135,30,20,85,20,25,45,45,40,35,55,55,35,45,30,35,40,40,110,0,35,70,30,25,90,35,15,70,50,55,140,30,55,110,65,45,155,50,60,165,35,40,120,50,60,155,65,65,200,50,55,135,65,75,60,30
18,Belize,0,0,0,0,0,0,5,5,0,0,0,0,5,10,25,0,5,20,0,0,10,5,0,10,5,15,25,0,5,15,5,15,25,5,0,15,0,5,15,0,10,20,0,10,20,15,0,25,0,5,5,5,5,10,5,5,0,0,0,5,10,5,25,0,0,10,0,0,10,5,5,10,0,5,15,0,0,10,10,10,30,15,10,35,0,5,15,15,0,30,0,0,0,0,0,0,10,5,0,0
19,"Benin, Republic of",10,15,35,35,15,35,20,15,20,40,5,15,30,30,80,25,30,85,20,35,75,20,20,55,10,20,45,15,20,55,25,20,60,15,10,35,25,20,65,55,80,150,40,45,180,20,25,95,10,20,15,30,15,30,60,15,45,30,25,40,30,30,70,0,0,15,30,40,95,20,10,50,30,15,75,15,35,60,35,40,95,30,40,120,20,30,70,55,60,170,35,95,195,80,80,210,50,80,85,70
20,Bermuda,0,0,0,0,0,0,0,0,0,0,0,0,0,0,0,0,0,0,0,0,0,0,0,0,0,0,0,0,0,0,0,0,0,0,0,0,0,0,0,0,0,0,0,0,0,0,0,0,0,0,0,0,0,0,0,0,0,0,0,0,0,0,0,0,0,0,0,0,0,0,0,0,0,0,0,0,0,0,0,0,0,0,0,0,0,0,0,0,0,0,0,0,0,0,0,0,0,0,0,0
21,Bhutan,0,10,55,5,0,10,50,20,90,80,35,55,0,10,25,10,15,40,20,0,45,5,0,10,10,15,50,0,0,10,0,0,0,0,0,0,0,0,10,0,5,5,0,0,0,0,0,5,0,0,0,0,0,0,0,0,0,5,0,0,0,0,0,0,0,0,0,0,0,0,0,0,0,0,0,0,5,5,0,0,0,0,5,10,0,0,5,0,0,5,0,0,5,0,0,0,0,10,10,0
22,Bolivia,0,15,5,0,5,5,5,5,10,0,5,5,0,5,20,10,25,40,15,5,25,15,5,30,5,10,30,0,0,10,15,5,30,10,10,30,15,10,35,15,10,35,10,10,35,5,5,15,5,5,5,5,20,10,10,10,10,20,5,5,15,20,50,0,0,10,10,0,20,5,5,15,15,15,40,10,10,25,10,5,55,5,10,35,5,20,30,10,10,45,15,10,40,0,0,15,25,15,5,0
23,Bosnia-Herzegovina,20,10,15,15,25,20,15,15,15,15,10,15,5,25,50,10,25,45,10,5,25,15,5,20,10,0,25,5,10,30,0,10,20,10,10,30,10,20,30,20,10,40,15,20,45,15,10,35,20,10,5,0,5,10,15,10,10,10,10,10,15,5,25,0,0,5,0,0,10,5,5,15,10,0,15,0,0,15,0,10,20,15,10,35,15,10,25,0,5,20,0,5,15,5,0,10,15,10,0,0
24,"Botswana, Republic of",15,5,10,10,5,15,0,5,10,5,5,5,5,10,25,15,5,25,0,5,10,0,0,5,5,10,20,15,5,25,5,0,20,0,5,15,5,10,20,5,5,20,0,5,10,0,0,10,0,0,5,0,10,0,15,10,0,0,5,0,0,10,15,0,0,0,0,0,5,0,0,5,0,0,10,0,5,5,10,5,20,5,0,10,0,5,15,0,0,5,0,5,15,0,0,10,5,15,0,0
25,Brazil,100,115,155,155,215,175,220,165,135,110,90,95,125,145,460,135,155,505,170,115,390,110,115,370,185,155,505,205,225,640,235,295,830,270,255,780,410,370,1225,280,310,930,320,320,960,260,240,830,285,195,445,380,495,505,525,715,590,485,405,265,465,480,1255,100,340,995,135,120,575,325,355,870,700,660,2075,670,1265,2530,1115,1155,3470,1200,935,3350,860,845,2610,775,700,2205,565,610,1760,255,210,760,1250,1060,750,345
26,Brunei,0,0,0,0,0,0,0,0,0,0,5,0,0,0,0,0,0,0,0,0,0,0,0,0,0,0,0,0,0,0,0,0,0,0,0,0,0,0,0,0,0,0,0,0,0,0,0,0,0,0,0,0,0,0,0,0,0,0,0,0,0,0,0,0,0,0,0,0,0,0,0,0,0,0,0,0,0,0,0,0,0,0,0,0,0,0,0,0,0,0,0,0,0,0,0,0,0,0,0,0
27,Bulgaria,20,10,20,35,35,30,25,35,25,55,50,30,35,25,105,30,30,110,20,20,80,20,40,75,20,20,75,30,35,90,25,15,65,40,20,70,15,10,35,20,15,55,10,20,45,15,15,45,10,10,20,15,20,10,20,10,15,20,5,10,15,20,40,5,0,15,0,0,15,10,10,30,10,15,30,10,15,40,15,25,70,5,15,35,20,25,60,0,10,25,5,20,40,0,0,20,25,15,10,25
28,Burkina-Faso,10,10,15,15,15,40,35,20,20,15,20,25,15,30,80,5,10,60,20,40,90,25,5,55,15,45,85,25,10,65,25,20,70,10,25,50,25,25,65,20,15,65,45,25,120,15,15,55,0,10,15,10,15,20,35,35,20,25,30,15,25,20,60,0,5,10,15,25,60,15,15,45,30,10,60,20,30,70,20,50,95,35,20,105,30,65,120,45,60,135,35,45,130,20,70,120,20,40,45,30
29,Burundi,10,10,270,100,70,80,150,40,55,45,45,70,20,40,100,40,60,160,60,35,165,85,75,210,25,35,120,65,130,255,105,80,225,35,120,200,75,110,235,65,80,190,70,145,315,100,110,350,140,105,110,145,145,145,255,80,130,125,85,95,65,70,200,0,40,70,20,35,145,140,80,390,125,50,260,70,75,180,110,130,345,150,170,475,100,150,370,145,105,345,85,130,350,230,115,515,65,110,130,85
30,Cambodia,10,5,15,10,10,10,30,10,15,35,15,40,20,25,70,15,20,60,25,20,70,20,20,55,20,30,70,15,20,50,15,15,60,20,15,40,5,20,35,25,25,70,10,15,45,20,25,55,20,15,20,15,35,20,20,15,30,15,15,20,10,25,65,0,10,30,10,5,20,10,15,30,10,0,20,10,10,30,15,15,40,10,10,30,15,30,60,20,15,50,15,40,70,10,5,30,10,20,10,25
31,"Cameroon, Federal Republic of",75,85,150,150,160,200,315,160,225,130,180,200,135,155,460,120,185,500,245,205,665,165,155,475,170,205,570,185,295,665,215,195,555,155,160,500,170,185,450,160,225,595,220,205,705,150,185,525,95,115,165,150,190,320,295,240,470,325,310,270,255,270,695,15,30,85,220,155,520,90,105,295,150,135,485,130,190,460,235,310,740,285,340,880,310,405,945,460,610,1430,285,860,1650,685,550,2240,495,770,790,755
32,Cape Verde Islands,0,0,0,0,0,0,0,0,0,0,0,0,0,0,0,0,0,0,0,0,0,0,0,0,0,0,0,0,0,0,0,0,0,0,0,0,0,0,0,0,0,0,0,0,0,0,0,0,0,0,0,0,0,0,0,0,0,0,0,0,0,0,0,0,0,0,0,0,0,0,0,0,0,0,0,0,0,0,0,0,0,0,0,0,5,0,5,0,0,0,5,0,5,0,0,0,0,0,0,0
33,Central African Republic,10,15,0,5,25,10,55,20,25,80,120,90,0,15,20,10,5,20,30,0,45,10,5,20,0,45,85,15,20,55,30,10,55,10,0,35,30,10,40,0,0,5,10,45,95,30,45,100,10,10,0,25,0,40,25,15,115,45,15,75,0,10,45,0,0,0,0,0,0,0,25,60,0,15,20,0,0,10,15,5,20,10,30,60,15,70,100,85,175,400,5,60,115,115,10,275,10,65,70,45
34,"Chad, Republic of",0,0,0,5,0,0,10,5,25,10,5,10,5,5,15,5,10,35,10,15,35,10,0,15,0,15,20,20,15,40,25,5,40,0,15,20,20,20,45,15,10,30,20,5,40,40,20,85,20,5,10,20,20,10,30,10,15,20,5,20,5,15,25,0,10,20,0,0,10,10,5,15,20,15,60,10,20,40,15,25,55,25,15,70,10,15,45,25,30,85,10,15,60,10,15,55,10,20,20,20
35,Chile,10,5,30,30,20,30,35,25,20,25,15,10,10,25,60,25,35,90,15,20,60,15,15,40,25,25,70,40,25,85,20,20,80,25,20,75,35,30,110,30,35,100,40,20,95,20,30,70,30,35,30,30,50,45,40,50,45,25,50,25,40,40,100,5,25,70,25,20,55,25,20,75,60,30,145,30,55,135,70,75,245,65,100,245,65,70,205,50,60,160,45,50,145,25,35,90,110,115,65,25
36,"China, People's Republic of",950,1570,1655,1415,1440,1760,2100,1775,1810,2010,1450,1520,1700,2085,6215,2965,2195,8340,2960,2445,7505,1875,1455,4730,2260,3025,7785,3220,2960,8680,2735,2305,7755,2410,2005,6025,2625,2685,7390,2480,2685,7710,2675,2520,7805,2060,2025,6810,1880,2215,2745,2820,3065,2610,2835,2870,2985,2630,1885,1705,2870,2360,6620,480,1010,3450,860,775,2980,1400,1325,3475,2235,2020,6270,2000,2900,6400,3265,3080,8935,3415,2450,9400,2575,2815,7840,2835,3525,8740,2770,3010,9950,1500,1600,5310,4895,3540,2955,1770
37,Colombia,125,200,265,225,210,230,195,165,135,140,130,160,160,185,555,285,240,795,260,215,630,230,140,460,135,275,605,205,215,685,260,110,535,100,185,410,180,195,520,140,190,585,185,200,655,175,140,510,140,125,160,165,250,285,205,235,235,180,150,145,205,225,540,30,105,265,70,60,235,185,195,485,255,235,730,255,370,920,350,420,1155,400,425,1250,400,470,1200,275,365,930,340,410,1080,170,200,560,575,490,490,230
38,Comoros,0,0,0,0,5,0,0,0,0,0,0,0,0,0,0,0,0,0,0,0,0,0,0,0,0,0,5,0,0,0,0,0,0,0,0,0,0,0,0,0,0,0,0,0,0,0,0,0,0,0,0,0,0,0,0,0,0,0,0,0,0,0,0,0,0,0,0,0,0,0,0,0,0,0,0,0,0,0,0,0,0,0,0,0,0,0,0,0,0,0,0,0,5,5,0,10,0,0,0,0
39,"Congo, Democratic Republic of the",70,105,175,75,125,135,95,90,170,175,180,280,110,140,460,185,330,865,245,130,650,185,175,505,100,185,410,155,290,740,265,305,685,105,235,525,255,240,630,235,190,590,100,260,495,200,275,670,80,100,170,120,225,235,240,140,405,255,160,160,110,105,380,0,35,65,30,65,140,85,100,280,105,75,245,80,140,310,190,270,570,285,150,695,220,365,775,285,240,740,125,380,690,395,285,1045,240,480,440,230
40,"Congo, People's Republic of the",0,0,10,10,10,0,10,20,10,20,20,25,15,10,35,10,10,50,20,15,65,20,10,45,0,10,25,20,20,60,15,5,30,15,20,50,20,25,55,25,10,45,10,15,40,15,30,65,10,10,10,15,15,10,15,15,20,20,20,10,10,10,25,0,0,10,10,5,25,5,5,25,15,15,40,20,15,50,25,20,60,20,25,65,25,15,55,30,30,80,25,15,70,30,20,80,15,25,20,20
41,Costa Rica,10,10,10,0,10,15,5,20,15,5,5,10,10,15,45,15,10,30,15,10,35,10,10,35,10,15,30,15,10,35,15,0,40,10,15,30,10,20,55,15,10,40,15,15,40,10,5,30,10,10,10,15,30,15,15,15,20,15,20,10,15,25,55,0,15,20,0,5,15,5,5,15,15,15,45,5,25,50,30,25,80,30,30,75,10,15,40,10,20,50,20,30,70,10,20,40,35,25,20,15
42,Croatia,15,20,50,35,30,45,50,80,45,55,60,25,50,65,185,50,65,180,50,35,130,50,30,135,80,70,200,45,50,145,60,20,120,25,40,115,45,35,140,70,50,165,40,50,130,20,35,100,30,25,40,25,45,50,45,55,40,35,15,20,45,25,80,0,20,55,20,10,55,10,20,35,25,15,60,10,25,60,25,35,85,15,15,50,35,15,65,10,25,65,5,20,35,5,10,20,35,25,20,15
43,Cuba,45,75,90,80,80,65,50,70,60,75,70,75,70,90,275,110,85,315,150,105,315,70,70,205,60,90,235,85,65,225,85,50,200,50,80,215,25,85,155,50,75,175,75,80,235,65,40,215,60,50,60,50,30,45,35,55,70,50,55,40,55,50,145,0,15,20,0,10,25,35,115,225,45,45,125,30,45,110,105,65,230,85,55,215,45,70,185,60,65,195,110,105,310,35,70,135,135,145,130,90
44,Curacao,0,0,0,0,0,0,0,0,0,0,0,0,0,0,0,0,0,0,0,0,0,0,0,0,0,0,0,0,0,0,0,0,0,0,0,0,0,0,0,0,0,0,0,0,0,0,0,0,0,0,0,0,0,0,0,0,0,0,0,0,0,0,0,0,0,0,0,0,0,0,0,0,0,0,0,0,0,0,0,0,0,0,0,0,0,0,0,0,0,0,0,0,0,0,0,0,0,0,0,0
45,Cyprus,0,0,0,0,0,0,0,10,0,5,0,0,0,0,5,0,0,0,0,0,0,0,0,0,0,0,5,0,5,5,0,0,0,0,0,0,0,0,5,0,5,10,0,0,10,0,0,0,5,0,0,0,0,0,0,0,0,0,0,0,0,0,0,0,0,0,0,0,0,0,0,0,0,0,5,0,0,0,0,5,10,0,0,10,0,0,0,0,0,0,0,0,0,0,0,0,0,0,0,0
46,Czech Republic,15,25,30,25,25,15,20,25,35,25,20,20,35,25,95,25,35,85,30,30,75,25,30,70,35,30,105,15,30,85,15,10,45,25,30,85,25,35,100,20,40,115,40,25,105,25,20,80,20,20,25,40,40,45,35,45,50,25,15,15,25,15,55,5,20,50,15,15,40,30,15,60,20,20,75,35,30,90,35,30,110,25,25,80,25,30,75,15,20,45,20,5,45,0,5,20,30,35,20,10
47,Denmark,0,5,0,10,0,5,0,5,0,15,10,10,10,5,20,5,15,25,10,10,20,5,0,10,5,10,20,10,10,25,0,10,15,0,10,30,10,10,25,5,0,20,15,0,30,0,5,15,10,0,10,0,5,5,0,10,10,5,5,5,10,0,20,0,10,30,5,0,15,5,5,15,5,10,20,10,15,30,15,10,35,10,5,35,5,5,20,5,0,15,5,5,15,0,0,10,15,5,0,0
48,"Djibouti, Republic of",0,5,15,15,15,15,20,5,20,10,15,10,10,30,65,15,25,60,35,20,95,10,20,50,20,25,75,15,20,50,20,5,40,0,10,20,20,20,45,10,5,30,15,15,50,20,35,70,40,30,15,25,15,30,30,20,20,10,10,10,40,15,70,0,50,75,25,40,150,40,20,65,40,20,95,30,10,45,20,25,60,35,35,90,15,35,70,25,55,110,25,40,100,10,5,40,25,25,15,10
49,Dominica,0,0,0,0,0,5,0,0,0,0,0,0,0,0,5,0,0,10,5,0,10,0,0,5,0,0,5,0,5,10,0,0,10,0,0,5,0,0,10,0,10,10,0,0,10,0,0,10,0,0,0,5,0,0,0,0,0,0,0,0,5,5,15,0,0,0,0,0,5,5,0,5,10,0,15,0,5,15,5,0,10,5,0,15,5,0,10,0,5,15,5,0,15,0,0,0,5,0,5,0
50,Dominican Republic,35,35,35,60,40,60,90,50,45,65,55,30,35,55,130,45,90,215,65,65,170,30,25,90,60,60,160,50,65,150,55,60,165,55,70,180,55,50,180,55,75,205,85,75,240,45,55,155,40,40,85,50,65,55,65,60,55,55,45,35,60,60,175,0,20,35,30,25,85,15,30,100,85,45,215,35,95,160,95,95,275,115,80,310,75,60,230,60,120,235,110,95,295,40,35,140,105,65,75,50
51,"East Timor, Democratic Republic of",0,0,0,0,0,0,0,0,0,0,0,0,0,0,0,0,0,0,0,0,0,0,0,0,0,0,0,0,0,0,0,0,0,0,0,0,0,0,0,0,0,0,0,0,0,0,0,0,0,0,0,0,0,0,0,0,0,0,0,0,0,0,0,0,0,0,0,0,0,0,0,0,0,0,0,0,0,0,0,0,0,0,0,0,0,0,0,0,0,0,0,0,0,0,0,0,0,0,0,0
52,Ecuador,15,10,15,30,15,20,25,30,15,25,10,15,20,10,45,25,35,85,20,25,80,15,15,40,20,15,50,15,15,55,15,20,60,10,20,45,20,25,70,15,40,75,15,30,75,20,15,70,10,20,40,25,25,30,30,25,35,20,25,15,30,20,65,5,15,30,5,5,25,10,10,40,35,30,115,30,40,105,75,65,195,65,55,175,45,65,165,35,65,125,45,50,135,20,20,60,80,110,50,35
53,Egypt,175,165,245,265,410,495,565,455,415,240,155,175,200,215,760,310,330,970,485,295,1010,125,110,340,125,205,510,195,335,755,310,275,915,235,250,685,215,330,765,255,505,1030,370,290,1015,215,200,705,195,170,315,280,290,495,430,390,335,295,240,225,210,165,535,65,95,300,230,205,605,170,165,465,370,190,825,185,260,610,270,365,880,330,280,905,230,245,690,190,310,715,280,275,975,160,115,510,230,265,250,190
54,El Salvador,30,25,55,40,65,75,60,55,75,80,45,55,25,45,160,60,100,230,65,50,155,40,25,75,55,55,160,70,60,205,95,20,190,45,60,165,45,55,160,60,50,190,75,50,175,45,50,160,35,55,70,40,75,80,80,105,65,55,40,40,80,50,165,5,40,90,25,15,75,40,55,135,80,55,195,65,105,225,95,65,220,80,65,210,55,60,165,70,70,200,55,75,195,20,25,85,85,60,55,25
55,"Equatorial Guinea, Republic of",0,0,0,0,0,0,0,0,0,0,0,0,0,0,5,0,0,0,0,0,0,0,0,0,0,0,0,0,0,0,0,0,0,0,0,0,0,0,0,0,0,0,0,0,0,0,0,0,0,0,0,0,0,0,0,0,0,0,0,0,0,0,0,0,0,0,0,0,0,0,0,0,0,0,0,0,0,0,0,0,0,0,0,0,0,0,0,0,0,0,0,0,0,0,0,0,0,0,0,0
56,Eritrea,115,170,250,165,150,255,195,165,175,175,230,165,230,250,750,355,470,1300,330,835,1530,425,375,1080,455,650,1640,350,345,1135,490,230,1025,235,395,895,370,420,1000,555,465,1420,260,740,1425,645,545,1850,370,475,595,490,695,625,600,335,945,895,530,470,405,425,1145,45,85,190,100,80,380,320,270,925,215,210,625,230,320,740,225,490,975,800,1070,3030,270,540,1085,435,725,1510,430,930,1915,1585,670,3150,890,1045,1090,925
57,Estonia,0,0,10,0,0,10,5,0,5,10,0,5,10,0,25,0,5,10,0,0,10,0,0,10,0,10,15,0,0,5,0,5,10,0,0,5,0,0,5,5,0,10,0,0,10,0,5,20,0,0,0,5,0,0,5,5,0,5,0,0,0,0,5,0,0,5,0,0,0,0,0,0,5,0,15,5,0,15,0,0,15,0,0,10,0,0,5,0,0,5,0,0,0,0,0,0,5,0,0,0
58,Ethiopia,65,85,110,105,110,150,130,75,145,160,70,150,125,140,425,155,160,605,165,140,470,175,135,430,115,185,435,145,205,545,195,205,510,105,160,420,125,165,405,190,140,455,120,310,575,195,170,585,145,165,170,195,215,255,225,125,345,260,140,235,125,145,430,15,60,120,40,50,185,125,135,365,120,115,330,105,140,365,105,260,510,315,305,945,235,250,700,185,205,610,180,275,720,175,175,640,230,320,315,250
59,Fiji,10,25,15,30,10,10,20,15,25,15,25,25,15,25,55,20,10,45,20,20,55,10,10,30,20,5,40,10,20,40,15,5,40,10,15,35,10,5,25,20,15,60,10,5,35,10,15,35,20,5,15,10,20,10,10,20,15,10,15,5,15,10,30,0,5,10,0,0,10,0,0,15,10,0,15,5,10,15,5,10,20,0,10,25,15,5,25,10,5,20,5,10,25,15,0,20,10,15,15,0
60,Finland,5,0,0,10,15,5,0,15,5,0,10,10,5,5,20,10,5,25,5,0,10,15,5,30,10,0,25,10,15,30,10,15,25,10,10,25,0,15,20,5,10,20,5,5,25,5,5,25,10,10,15,10,20,10,10,10,10,5,0,0,5,5,20,0,10,25,5,0,20,10,0,20,0,5,35,5,10,25,0,15,25,15,5,35,0,10,20,5,0,15,20,10,30,5,0,5,10,10,20,0
61,France,300,315,515,605,525,675,680,740,435,390,320,340,460,680,1890,555,690,1975,600,550,1505,325,235,1020,625,715,2005,605,645,1805,545,475,1625,410,410,1190,500,530,1550,470,505,1505,810,640,2085,270,240,1030,245,285,320,335,350,480,505,465,425,510,580,460,745,490,1565,90,330,680,290,165,1045,615,460,1315,1285,950,3120,775,1335,2700,1300,1285,3755,930,1150,3110,775,1195,2675,1175,1440,3610,1485,1165,3990,1415,1705,3875,1490,1325,1010,500
62,French Polynesia,0,0,0,0,0,0,0,0,0,0,0,0,0,0,0,0,0,0,0,0,0,0,0,0,0,0,0,0,0,0,0,0,0,0,0,0,0,0,0,0,0,0,0,0,0,0,0,0,0,0,0,0,0,0,0,0,0,0,0,0,0,0,0,0,0,0,0,0,0,0,0,0,0,0,0,0,0,0,0,0,0,0,0,0,0,0,0,0,0,0,0,0,0,0,0,0,0,0,0,0
63,Gabon Republic,0,0,5,15,5,0,10,0,0,0,0,5,0,5,10,10,0,25,0,0,5,5,0,10,0,10,20,0,0,10,5,0,10,0,10,10,0,0,5,0,0,5,5,0,20,0,10,15,5,0,0,0,0,0,10,0,5,0,0,10,0,0,0,0,0,0,0,0,0,0,0,10,0,0,10,0,0,5,0,10,15,0,10,20,0,5,15,5,15,25,5,10,25,5,5,15,5,0,5,10
64,Gambia,0,0,0,5,0,10,0,0,5,0,0,0,0,0,10,5,10,25,0,0,10,0,5,5,0,0,5,0,5,25,5,0,10,0,20,20,10,0,20,0,0,10,0,0,10,5,10,20,5,0,0,0,0,0,5,0,5,0,15,0,0,0,10,0,10,15,0,0,5,0,0,0,5,0,15,5,10,25,15,20,40,5,10,15,0,15,25,0,5,15,0,10,15,0,0,10,10,10,10,15
65,Georgia,10,0,0,5,5,5,15,10,10,10,10,15,10,10,35,10,10,30,15,10,30,0,10,25,0,20,35,15,15,50,10,15,30,5,5,20,10,5,25,5,20,35,10,15,35,25,25,60,15,15,15,25,35,15,10,5,15,15,10,10,25,10,45,0,0,5,5,15,30,5,10,25,25,20,70,10,15,40,15,25,45,15,20,65,20,25,65,15,15,40,25,35,75,10,10,50,20,25,15,10
66,Germany,80,65,85,120,125,130,120,155,120,120,90,70,105,115,360,115,135,385,100,75,270,65,70,195,130,110,375,105,75,265,90,80,265,85,75,240,105,155,355,125,95,310,120,110,355,85,70,255,75,80,115,110,140,180,150,170,145,170,120,65,105,85,295,15,60,155,70,35,190,55,60,145,85,95,260,110,135,310,170,165,480,115,140,395,115,85,295,60,85,215,100,70,270,25,50,120,205,165,100,70
67,Ghana,25,45,40,30,30,30,25,40,25,40,15,30,30,40,115,50,60,155,40,20,85,50,35,125,50,65,150,45,45,155,60,80,175,60,85,210,60,85,200,40,80,175,70,90,240,80,110,275,50,65,85,100,95,105,125,100,105,65,70,55,90,65,220,15,45,95,35,25,115,40,30,110,75,85,230,55,85,205,90,95,260,115,150,360,125,115,380,100,105,340,75,95,285,60,85,235,190,190,170,100
68,Greece,10,30,55,35,40,35,40,65,50,35,45,40,35,25,115,40,40,135,30,45,110,30,20,75,40,35,95,35,30,115,25,25,95,40,35,100,25,40,100,30,25,110,45,45,110,35,20,100,20,25,35,25,40,50,45,40,40,45,30,20,25,25,80,15,15,50,20,15,50,20,25,60,45,15,100,30,35,80,40,50,125,45,35,110,20,15,65,35,20,95,20,30,75,10,5,25,55,30,45,10
69,Grenada,5,10,5,10,15,10,10,5,10,5,15,15,5,10,25,15,15,35,10,15,40,5,5,15,10,10,25,10,10,30,5,10,25,10,25,40,5,10,20,10,20,40,5,15,25,5,10,25,5,5,5,5,5,10,5,0,10,10,5,0,0,5,20,0,5,10,0,5,10,0,5,15,15,0,25,10,10,15,10,10,30,15,10,35,10,10,30,10,10,25,15,15,40,10,0,15,10,0,15,5
70,Guadeloupe,0,0,0,0,0,0,0,0,0,0,0,0,0,0,0,0,0,0,0,0,0,0,0,0,0,0,0,0,0,0,0,0,0,0,0,0,0,0,0,0,0,0,0,0,0,0,0,0,0,0,0,0,0,0,0,0,0,0,0,0,0,0,0,0,0,0,0,0,0,0,0,0,0,0,0,0,0,0,0,0,0,0,0,0,0,0,0,0,0,0,0,0,0,0,0,0,0,0,0,0
71,Guatemala,10,5,30,20,15,25,15,30,25,30,25,10,25,0,40,20,20,75,20,20,50,10,5,35,15,20,50,15,35,65,25,15,65,20,30,60,15,5,45,25,25,55,15,15,55,20,20,70,15,15,20,20,25,15,25,25,10,10,15,15,20,25,55,0,15,20,5,5,20,10,20,45,15,20,65,15,20,55,30,15,70,55,35,105,15,30,65,20,35,80,30,35,90,10,15,70,35,30,25,15
72,"Guinea, Republic of",20,15,20,15,15,15,20,25,35,30,25,15,15,30,70,40,30,115,65,55,145,30,20,80,35,40,105,40,25,105,45,15,100,15,25,70,35,25,85,25,30,75,25,15,100,35,35,85,25,20,20,10,35,25,55,15,45,30,20,15,15,20,60,0,10,25,15,30,65,10,20,55,20,25,65,20,25,65,55,50,120,45,50,145,40,45,110,60,60,150,40,45,130,30,35,135,60,45,40,40
73,Guinea-Bissau,0,0,0,0,0,0,0,0,0,0,0,0,0,0,0,0,0,0,0,0,0,0,0,0,0,0,0,0,0,0,0,0,0,0,0,0,0,0,0,0,0,0,0,0,5,0,0,0,0,0,0,0,0,0,0,0,0,0,0,0,0,0,0,0,0,0,0,0,0,0,0,0,0,0,0,0,0,0,0,0,0,0,0,0,0,0,0,0,0,0,0,0,0,0,0,0,0,0,0,0
74,Guyana,30,35,55,60,40,55,50,45,40,50,30,55,45,25,125,45,60,160,40,45,140,35,30,90,25,65,125,35,20,105,30,40,100,25,45,100,25,35,95,45,30,115,20,30,105,45,35,105,25,25,30,45,50,45,35,30,30,40,25,30,35,30,85,5,5,25,5,10,35,30,30,75,30,25,75,40,45,120,45,60,150,55,35,140,40,35,125,35,50,120,50,35,125,15,30,75,75,50,50,25
75,Haiti,105,130,185,165,240,265,255,220,280,200,260,410,255,200,720,315,295,945,290,265,770,200,175,490,125,170,400,240,265,715,260,160,595,180,205,640,265,230,650,195,150,535,145,110,405,150,195,510,120,65,140,95,105,155,160,120,125,125,130,120,115,105,300,0,100,145,75,75,255,125,105,285,110,105,350,115,150,420,175,400,795,495,475,1300,425,480,1130,380,445,1220,390,455,1265,320,220,790,530,295,275,190
76,Holy See,0,0,0,0,0,0,0,0,0,0,0,0,0,0,0,0,0,0,0,0,0,0,0,0,0,0,0,0,0,0,0,0,0,0,0,0,0,0,0,0,0,0,0,0,0,0,0,0,0,0,0,0,0,0,0,0,0,0,0,0,0,0,0,0,0,0,0,0,0,0,0,0,0,0,0,0,0,0,0,0,0,0,0,0,0,0,0,0,0,0,0,0,0,0,0,0,0,0,0,0
77,Honduras,5,20,35,40,40,55,50,45,45,40,30,20,20,25,75,45,40,125,40,40,110,15,25,50,20,40,85,45,55,135,35,25,85,30,20,75,20,25,80,40,30,100,40,35,105,40,35,105,25,20,30,30,25,30,45,15,40,25,20,20,25,20,70,0,25,40,20,10,40,30,15,55,40,35,95,25,30,75,45,50,125,40,30,115,30,40,110,25,15,85,50,40,120,20,15,60,50,50,35,20
78,Hong Kong SAR,60,65,75,40,70,80,75,110,75,80,65,95,100,95,320,125,105,395,175,150,430,75,50,220,90,115,305,150,125,405,110,95,345,90,135,305,120,125,350,120,155,410,175,105,445,80,130,325,90,95,115,130,140,140,150,185,140,130,120,110,155,170,410,30,55,185,85,70,250,65,90,200,95,70,250,90,140,320,235,320,800,370,260,925,265,240,795,315,450,1000,485,470,1460,105,135,455,760,480,780,350
79,Hungary,40,35,75,50,75,60,45,80,65,80,115,40,55,65,160,40,65,165,50,30,110,25,25,85,45,85,215,60,75,220,80,25,145,30,45,110,25,55,140,85,75,225,60,55,175,70,60,215,55,35,85,50,90,100,85,70,75,65,65,30,100,100,225,5,70,100,40,25,140,65,55,135,120,75,240,45,40,110,45,80,180,65,80,210,30,45,125,45,40,130,45,55,125,5,20,45,75,50,55,15
80,Iceland,0,0,0,0,5,0,0,5,10,5,0,0,0,0,5,0,0,0,0,0,0,0,0,0,0,5,10,5,0,5,0,0,0,0,0,5,0,5,10,5,0,10,0,0,0,10,0,10,5,0,0,0,5,0,5,10,5,5,0,0,0,0,0,0,0,0,0,0,0,0,0,0,0,0,0,0,0,0,0,0,5,0,0,5,0,0,5,0,0,0,0,0,10,0,0,0,0,5,0,0
81,India,1560,1980,2630,2965,3480,4195,4660,3645,4520,3860,3085,2755,2385,3155,10245,5045,4970,14770,3245,2195,7750,2395,2050,6945,3350,4340,11090,3845,4635,12740,4230,4760,12950,4970,4970,14810,6120,7310,19300,6820,6135,20175,4710,5835,16320,4550,4495,14185,3905,4820,6870,6650,8855,8325,9415,8355,9260,8020,6210,4910,5375,6520,16665,865,2285,9860,3215,2790,8865,2660,2960,7485,5705,6425,18425,5440,11620,20925,12375,15740,41195,16190,13665,47395,11885,10895,35075,10795,12255,33350,8660,11070,31320,5445,4585,18490,14965,16125,14970,9275
82,"Indonesia, Republic of",20,10,10,35,35,30,40,40,25,40,45,50,50,35,130,50,40,135,50,25,95,35,25,85,35,35,100,35,65,135,35,55,125,35,60,140,40,40,105,30,40,105,40,30,125,35,40,110,35,35,35,30,40,55,60,60,50,40,25,45,30,35,90,15,20,90,10,15,60,10,35,55,30,30,105,55,55,140,85,50,185,50,70,170,45,65,155,45,30,125,30,65,130,25,15,65,70,85,60,40
83,Iran,1060,1050,1730,930,1095,1495,1235,690,760,700,450,435,425,460,1690,670,765,2390,625,465,1460,390,280,935,265,750,1405,425,665,1605,540,260,1095,250,200,630,225,410,805,540,695,1655,570,540,1740,375,370,1310,240,305,490,500,845,705,640,375,565,515,425,450,495,520,1220,230,270,890,410,210,915,280,265,785,645,605,2130,690,995,2225,1295,1085,3435,1150,1260,3515,985,1330,3205,1005,1120,3230,960,1140,3250,390,245,1425,950,825,740,460
84,Iraq,70,190,190,170,330,365,535,285,460,500,555,330,165,160,565,230,310,980,255,280,665,80,65,210,155,270,870,280,490,1230,685,445,1440,255,560,1205,305,670,1275,675,505,1715,270,410,1165,420,440,1170,275,400,395,440,450,425,545,360,420,395,220,110,250,305,710,10,35,90,100,115,440,145,270,710,170,125,435,80,110,335,125,240,530,590,480,1390,240,325,825,220,405,1120,165,370,855,235,180,675,220,280,150,265
85,"Ireland, Republic of",100,85,125,180,180,170,230,290,230,225,220,120,230,200,670,185,295,660,195,175,500,140,135,425,240,200,675,175,120,420,180,140,455,170,140,425,195,195,640,160,170,465,155,135,420,75,95,255,125,80,155,125,135,125,150,200,205,115,115,90,130,140,340,45,105,370,50,25,125,75,90,195,150,230,520,190,425,775,320,200,835,190,160,555,130,125,415,70,90,240,55,75,225,15,25,65,145,160,95,50
86,Israel,45,115,145,155,175,205,210,370,295,215,115,120,155,210,630,300,285,875,185,250,570,155,110,370,190,225,550,105,210,475,175,160,550,125,95,300,175,155,450,145,185,480,210,145,525,110,95,345,55,75,85,110,130,115,145,220,105,130,100,50,80,90,280,20,55,165,65,60,195,50,50,120,60,65,185,80,120,265,120,120,360,110,85,295,80,100,300,85,115,300,75,70,220,20,20,70,130,115,85,50
87,Italy,45,35,60,95,85,85,100,105,90,80,60,45,85,90,295,85,105,280,85,80,240,70,50,185,100,125,310,110,70,275,80,80,250,85,70,230,95,105,320,80,85,300,105,105,310,70,70,245,70,80,115,65,105,160,180,185,150,110,100,85,145,105,300,20,45,155,65,25,185,60,45,120,155,90,355,110,190,390,175,180,505,170,155,475,130,155,400,90,120,280,110,85,295,35,40,120,225,170,135,50
88,"Ivory Coast, Republic of",70,55,70,110,125,115,200,90,165,145,85,140,75,120,305,90,115,345,195,145,570,165,145,540,115,130,355,180,180,490,105,95,310,50,65,245,80,125,255,130,220,490,165,95,455,85,105,270,50,45,60,65,90,230,240,180,270,235,210,180,175,225,520,0,20,40,170,255,515,60,30,115,45,60,190,45,75,160,125,165,385,120,130,380,160,170,425,200,265,665,165,385,870,305,290,1030,180,190,220,220
89,Jamaica,180,175,280,285,340,345,400,355,280,245,225,310,250,240,780,250,320,890,380,350,1005,205,245,890,365,390,1125,270,290,850,330,305,910,240,455,945,330,400,1025,305,305,890,410,285,1075,275,335,885,270,230,370,275,315,375,410,405,370,335,280,340,255,255,775,35,125,345,140,140,445,185,155,465,190,170,525,185,310,625,430,465,1355,520,550,1535,440,425,1350,335,385,1070,430,415,1270,145,205,555,655,470,375,255
90,Japan,55,65,75,80,75,110,100,110,95,90,70,75,80,85,270,85,110,310,95,90,255,70,70,200,130,110,345,105,95,285,85,75,230,80,75,230,80,100,270,90,115,280,105,65,245,95,70,245,60,60,85,95,115,125,110,140,85,85,80,70,100,70,225,15,50,125,35,30,130,50,45,135,75,75,245,85,130,270,160,165,465,145,120,420,100,100,300,100,80,270,70,55,215,20,45,105,185,160,110,45
91,Jordan,85,65,70,80,70,95,245,100,110,50,70,70,100,80,265,90,70,255,115,100,270,40,35,125,65,55,165,60,100,205,90,55,265,50,65,155,60,80,215,65,100,225,100,90,295,65,80,255,55,50,40,70,60,105,125,140,110,125,45,75,60,75,170,10,40,90,55,40,145,70,50,135,45,40,135,35,95,200,95,110,295,90,130,325,80,95,275,65,115,300,115,120,390,55,35,175,165,110,105,85
92,Kazakhstan,20,15,15,25,20,45,25,25,40,30,40,35,15,35,70,40,20,115,45,55,160,25,10,60,30,30,75,25,35,90,20,25,85,35,30,85,35,30,110,45,35,110,40,35,125,30,10,60,20,20,25,20,50,45,60,55,25,35,20,30,45,50,110,10,20,60,15,25,70,20,20,50,30,20,95,25,55,115,40,30,120,35,45,130,45,45,110,30,65,125,55,45,150,20,10,65,55,35,35,35
93,Kenya,15,20,30,25,40,40,30,30,30,35,40,40,30,30,115,35,55,145,45,35,115,20,40,100,25,45,90,35,45,135,40,35,115,45,45,120,45,45,135,40,35,120,35,40,105,35,35,105,40,25,35,45,65,45,50,40,60,30,50,30,40,25,95,0,15,55,10,45,80,25,30,75,40,40,115,45,80,160,90,115,260,95,110,285,70,60,245,85,95,255,85,90,280,50,55,205,160,150,125,85
94,Kiribati,0,0,0,0,0,0,0,0,0,0,0,0,0,0,0,0,0,0,0,0,0,0,0,0,0,0,0,0,0,0,0,0,0,0,0,0,0,0,0,0,0,0,0,0,0,0,0,0,0,0,0,0,0,0,0,0,0,0,0,0,0,0,0,0,0,0,0,0,0,0,0,0,0,0,0,0,0,0,0,0,0,0,0,0,0,0,0,0,0,0,0,0,0,0,0,0,0,0,0,0
95,"Korea, People's Democratic Republic of",0,0,0,0,0,0,0,0,0,0,0,0,0,0,0,0,0,0,0,0,0,0,0,0,0,0,0,0,0,5,0,0,0,0,0,0,0,0,0,0,0,0,0,0,0,0,0,5,0,0,0,0,0,0,0,0,0,0,0,0,0,0,0,0,0,5,0,0,0,5,0,10,0,0,5,0,0,0,0,0,0,0,0,0,0,0,0,0,0,0,0,0,0,0,0,0,0,0,0,0
96,"Korea, Republic of",175,235,395,485,380,400,395,395,325,400,295,225,405,475,1335,330,420,1185,320,210,740,190,245,755,520,440,1415,310,330,950,260,205,730,290,310,885,480,515,1435,360,380,1150,390,350,1175,295,300,1040,350,305,520,380,665,620,680,725,475,575,475,340,500,385,1145,70,265,685,205,135,680,315,305,775,550,375,1380,405,960,1665,835,870,2600,950,690,2595,605,600,1880,465,625,1580,430,510,1470,130,165,530,1045,780,540,200
97,"Kosovo, Republic of",25,25,15,20,25,20,10,5,20,45,15,15,15,25,50,10,25,65,15,10,40,10,15,30,15,10,40,10,10,40,20,10,35,15,10,35,25,10,40,25,25,70,15,35,65,20,10,50,5,15,15,15,15,10,10,15,15,10,5,30,20,15,40,0,5,10,15,15,40,5,20,30,5,15,30,5,10,30,15,25,55,15,20,40,20,20,45,10,10,40,0,20,30,10,5,45,15,20,25,5
98,Kuwait,0,0,0,0,0,0,0,0,0,0,0,0,0,10,15,0,0,15,0,0,0,0,0,0,0,0,0,0,0,10,0,0,0,0,0,5,0,0,10,0,0,5,0,0,0,0,0,0,0,0,0,0,0,0,0,15,0,0,0,0,0,0,0,0,0,0,0,0,0,0,0,0,0,0,10,0,0,10,0,0,5,0,10,20,0,0,15,0,0,5,0,5,15,0,0,0,0,5,10,0
99,Kyrgyzstan,0,0,15,0,5,15,5,15,20,15,25,10,5,15,35,40,25,80,35,20,80,30,15,55,0,15,25,20,10,50,15,25,45,10,0,20,10,15,30,20,20,50,10,25,40,20,5,40,5,0,10,10,15,30,10,5,10,0,10,5,10,0,25,0,0,5,0,0,10,15,5,25,0,0,15,0,15,20,20,5,30,5,15,25,25,0,40,5,20,25,0,0,10,5,0,15,10,15,5,5
100,Laos,0,0,5,0,0,0,0,0,0,0,0,0,0,0,0,0,0,10,0,0,0,0,0,5,0,0,5,0,0,5,5,0,5,0,0,0,0,0,0,0,0,0,0,0,10,0,0,0,0,0,0,0,0,5,0,0,0,0,0,0,0,0,0,0,0,0,0,0,0,0,0,0,0,0,0,0,0,0,0,0,5,0,0,0,0,0,5,0,0,0,0,5,5,0,0,5,0,0,0,0
101,Latvia,15,5,5,5,10,10,15,15,15,15,10,5,5,10,30,10,20,55,15,0,25,10,15,30,10,15,40,10,10,30,5,0,20,5,10,15,10,10,30,10,0,20,5,0,15,5,0,15,0,0,5,10,0,10,0,10,20,10,5,5,0,5,15,0,10,15,0,0,10,0,0,0,5,5,20,0,25,25,10,5,20,0,5,20,5,5,15,0,10,25,0,0,10,0,5,20,10,10,5,0
102,Lebanon,105,85,165,155,205,250,310,185,205,145,115,180,120,130,470,180,200,600,215,200,575,105,70,265,70,115,250,80,160,335,210,155,485,115,95,295,125,135,340,85,175,340,155,120,430,120,160,395,90,110,145,155,130,240,270,190,170,155,145,160,150,155,470,15,45,120,200,80,375,115,105,315,105,70,260,120,155,365,315,210,725,175,160,480,190,230,560,240,425,905,490,595,1765,210,260,860,285,260,340,370
103,Lesotho,0,0,0,0,0,0,0,0,0,0,0,0,0,0,5,0,0,0,0,0,0,0,0,0,0,0,0,0,0,0,0,0,0,0,0,0,0,0,0,0,0,0,0,0,0,0,0,0,0,0,0,0,0,0,0,0,0,0,0,0,0,0,0,0,0,0,0,0,0,0,0,0,0,0,0,0,0,0,0,0,0,0,0,0,0,0,0,0,0,0,0,0,0,0,0,0,0,0,0,0
104,Liberia,0,5,30,10,0,5,0,50,10,5,15,20,0,5,10,15,10,30,40,10,105,0,0,10,0,0,5,0,0,10,5,20,25,0,5,15,0,0,5,10,0,15,0,0,5,35,15,55,5,5,0,5,0,0,0,0,0,0,10,5,0,0,10,0,0,0,0,0,5,0,0,10,0,5,10,0,0,10,0,0,10,10,15,25,5,10,20,0,5,20,10,10,20,5,15,30,0,5,5,10
105,Libya,10,10,15,15,15,5,30,40,30,35,20,20,15,20,50,50,60,160,15,25,50,15,15,45,35,65,140,25,50,125,80,20,140,15,55,95,40,45,100,35,40,115,50,25,125,55,35,120,70,40,45,85,50,50,45,50,40,40,40,60,60,45,165,15,35,75,25,40,115,65,55,140,80,55,230,85,65,230,75,70,200,85,70,225,45,85,185,60,60,175,65,30,150,20,15,70,90,40,50,35
106,Liechtenstein,0,0,0,0,0,0,0,0,0,0,0,0,0,0,0,0,0,0,0,0,0,0,0,0,0,0,0,0,0,0,0,0,0,0,0,0,0,0,0,0,0,0,0,0,0,0,0,0,0,0,0,0,0,0,0,0,0,0,0,0,0,0,0,0,0,0,0,0,0,0,0,0,0,0,0,0,0,0,0,0,0,0,0,0,0,0,0,0,0,0,0,0,0,0,0,0,0,0,0,0
107,Lithuania,0,5,10,10,10,10,15,25,15,15,10,5,15,20,50,15,30,75,15,20,40,10,10,25,30,15,60,5,15,25,10,5,25,5,15,35,10,10,40,10,10,30,15,15,45,5,5,20,10,0,15,5,5,10,15,20,10,10,10,0,10,10,25,0,0,15,5,0,20,5,5,15,0,10,20,10,15,25,5,10,25,10,10,20,5,20,35,0,10,20,5,5,15,0,0,5,20,20,5,0
108,Luxembourg,0,0,0,0,0,0,0,0,0,0,0,0,0,0,0,0,0,0,0,0,0,0,0,0,0,0,0,0,0,0,0,0,0,0,0,0,0,0,0,0,0,0,0,0,0,0,0,0,0,0,0,0,0,0,0,0,0,0,0,0,0,0,0,0,0,0,0,0,0,0,0,0,0,0,0,0,5,5,0,0,0,0,0,0,0,0,5,5,0,10,0,0,5,0,0,0,0,0,0,0
109,Macau SAR,0,0,0,5,0,0,5,0,0,0,0,0,0,5,10,0,0,5,0,0,0,5,0,5,0,0,5,0,0,10,0,0,5,0,5,5,0,0,5,0,0,10,0,0,10,0,0,10,0,0,0,0,0,5,0,5,0,0,0,0,0,0,0,0,0,0,0,0,5,0,0,0,0,0,5,0,5,10,0,0,5,5,0,5,0,0,0,0,0,5,0,5,10,0,0,0,5,0,0,0
110,Macedonia,10,15,20,15,20,15,20,25,20,25,10,25,20,10,40,10,15,40,15,10,35,10,5,20,0,15,25,0,0,10,10,10,25,15,10,35,0,5,25,15,15,35,10,0,10,10,5,15,5,10,0,10,10,0,5,10,10,10,5,15,5,5,10,0,0,0,10,0,10,0,5,10,0,5,15,10,10,20,5,5,20,10,10,30,10,0,15,5,0,10,0,5,15,0,0,15,15,10,10,0
111,Madagascar,5,0,5,10,15,20,20,5,5,5,5,0,15,5,35,10,15,40,5,15,30,20,0,30,5,5,25,10,20,50,10,5,25,5,5,25,20,5,30,15,15,40,5,10,40,10,20,35,0,5,10,5,20,15,20,10,10,10,10,0,10,10,20,0,0,10,10,15,30,5,15,25,20,10,40,5,35,50,10,25,60,15,35,70,15,20,40,60,25,100,25,30,95,35,45,100,15,40,35,20
112,Malawi,0,0,0,0,10,0,0,5,0,0,0,0,0,0,10,0,0,10,0,0,0,0,0,0,0,0,0,0,0,5,0,0,5,0,5,5,0,0,0,5,5,15,0,0,0,0,0,0,0,0,0,0,0,0,0,0,0,0,0,0,0,0,0,0,0,0,5,0,10,0,0,5,0,0,5,0,0,5,0,5,10,5,0,10,0,10,10,0,0,10,0,5,10,0,0,0,5,0,5,0
113,Malaysia,15,25,20,30,25,30,35,30,35,25,30,20,45,35,130,30,25,95,35,20,75,25,10,60,35,30,85,15,40,90,35,30,95,25,40,85,60,50,140,35,30,110,30,25,85,25,35,95,15,15,30,40,35,30,35,40,45,35,25,25,30,35,80,5,20,65,15,10,35,15,25,50,25,40,85,25,40,85,40,20,95,55,45,140,30,25,95,30,25,80,20,25,75,15,10,50,55,40,35,30
114,"Maldives, Republic of",0,0,0,0,0,0,0,0,0,0,0,0,0,0,0,0,0,0,0,0,0,0,0,0,0,0,0,0,0,0,0,0,0,0,0,0,0,0,0,0,0,0,0,0,0,0,0,0,0,0,0,0,0,0,0,0,0,0,0,0,0,0,0,0,0,0,0,0,0,0,0,0,0,0,0,0,0,0,0,0,0,0,0,0,0,0,0,0,0,0,0,0,0,0,0,0,0,0,0,0
115,"Mali, Republic of",0,10,10,15,25,20,25,10,15,25,15,10,15,20,55,15,15,55,10,35,60,20,15,40,15,15,50,25,20,60,25,0,40,15,10,35,15,25,55,15,15,50,25,25,75,25,40,90,10,15,35,30,95,20,20,5,25,25,30,15,35,20,55,0,10,25,5,10,35,20,10,40,20,15,65,20,30,75,25,20,60,20,30,70,15,30,65,30,45,115,35,35,110,35,40,95,30,35,30,45
116,Malta,0,0,0,0,0,0,0,0,0,0,0,0,0,0,0,0,0,0,0,0,0,0,0,0,0,0,0,0,0,0,0,0,0,0,0,0,0,0,5,0,0,5,0,0,0,0,0,0,0,0,0,0,0,0,0,0,0,0,0,0,0,0,0,0,0,0,0,0,0,0,0,0,0,0,0,0,0,0,0,5,5,0,0,0,0,0,0,0,0,0,0,0,0,0,0,0,0,0,0,0
117,"Marshall Islands, Republic of the",0,0,0,0,0,0,0,0,0,0,0,0,0,0,0,0,0,0,0,0,0,0,0,0,0,0,0,0,0,0,0,0,0,0,0,0,0,0,0,0,0,0,0,0,0,0,0,0,0,0,0,0,0,0,0,0,0,0,0,0,0,0,0,0,0,0,0,0,0,0,0,0,0,0,0,0,0,0,0,0,0,0,0,0,0,0,0,0,0,0,0,0,0,0,0,0,0,0,0,0
118,Mauritania,0,5,0,15,10,10,10,15,10,20,5,0,0,0,10,0,0,10,0,15,25,0,0,5,0,0,5,5,10,30,10,0,15,0,5,15,5,10,20,0,0,5,0,5,25,5,10,20,0,0,0,10,5,5,5,15,10,0,5,10,10,0,15,0,0,10,0,0,5,0,5,10,0,5,15,5,5,15,5,5,15,10,15,35,10,15,20,5,10,20,10,10,25,5,0,15,5,10,10,10
119,Mauritius,10,15,70,75,85,80,130,85,55,40,45,20,55,60,160,65,60,170,40,45,110,40,35,110,40,105,180,65,70,215,80,40,185,60,40,145,45,55,140,50,45,170,60,35,150,55,25,100,20,25,60,50,70,60,80,80,110,110,80,50,40,55,160,10,30,80,40,30,105,35,35,75,35,45,125,35,60,115,120,100,285,75,40,170,50,65,160,125,120,350,105,95,300,90,75,210,65,100,135,75
120,Mexico,195,185,270,285,270,265,305,350,340,250,260,245,300,365,1035,330,340,980,345,255,840,210,200,535,430,290,1015,260,270,780,265,185,725,220,210,615,270,260,825,275,270,800,335,275,930,240,245,760,210,235,260,295,370,330,310,325,225,365,325,215,325,250,805,65,265,555,140,125,540,215,205,530,220,280,705,280,390,915,495,560,1620,620,610,1905,620,670,1955,445,540,1440,505,390,1345,110,185,485,885,685,700,270
121,"Micronesia, Federated States of",0,0,0,0,0,0,0,0,0,0,0,0,0,0,0,0,0,0,0,0,0,0,0,0,0,0,0,0,0,0,0,0,0,0,0,0,0,0,0,0,0,0,0,0,0,0,0,0,0,0,0,0,0,0,0,0,0,0,0,0,0,0,0,0,0,0,0,0,0,0,0,0,0,0,0,0,0,0,0,0,0,0,0,0,0,0,0,0,0,0,0,0,0,0,0,0,0,0,0,0
122,Moldova,20,25,65,75,145,140,70,35,60,110,130,55,85,85,310,75,120,295,75,50,240,85,75,245,70,60,185,65,135,285,35,25,95,30,55,120,50,45,140,50,35,100,20,25,65,45,25,95,15,10,30,15,30,20,40,20,30,15,20,30,15,20,60,0,15,25,20,15,50,15,10,40,25,5,40,15,30,55,35,20,65,25,25,70,15,40,70,30,20,60,5,30,55,15,0,35,25,5,10,10
123,Monaco,0,0,0,0,0,0,0,0,0,0,0,0,0,0,0,0,0,0,0,0,0,0,0,0,0,0,0,0,0,0,0,0,0,0,0,0,0,0,0,0,0,0,0,0,0,0,0,0,0,0,0,0,0,0,0,0,0,0,0,0,0,0,0,0,0,0,0,0,0,0,0,0,0,0,0,0,0,0,0,0,0,0,0,0,0,0,0,0,0,0,0,0,0,0,0,0,0,0,0,0
124,"Mongolia, People's Republic of",0,0,20,0,0,0,0,0,5,0,0,0,10,15,35,0,10,15,0,10,25,10,0,20,5,10,25,10,5,25,0,0,10,5,15,20,0,10,20,5,5,25,5,10,20,0,5,20,0,0,5,5,15,10,15,5,10,5,5,0,5,0,20,0,0,10,0,5,20,0,0,10,15,0,20,15,20,45,10,10,35,15,15,35,10,5,35,10,5,35,0,0,15,0,10,15,5,15,20,0
125,"Montenegro, Republic of",0,0,5,5,0,0,0,0,10,0,0,0,0,10,10,0,0,0,0,0,5,0,0,0,0,0,5,0,5,5,0,0,0,0,0,0,0,0,5,0,0,5,0,0,10,0,0,0,0,0,0,0,0,0,0,0,0,0,0,0,0,0,5,0,0,0,0,0,0,0,0,0,0,0,0,0,0,0,0,0,5,0,0,5,0,0,5,0,0,0,0,0,0,0,0,5,0,0,0,0
126,Morocco,125,155,280,260,270,190,355,215,265,260,180,155,125,165,495,200,185,575,285,170,595,185,130,445,140,235,550,220,255,745,230,140,540,130,175,430,175,290,600,160,220,590,315,285,995,230,155,600,115,145,195,225,155,325,295,220,390,320,305,325,275,300,885,10,40,95,520,395,1290,300,240,710,255,150,575,215,280,645,320,250,795,305,345,930,315,420,940,545,640,1585,520,920,2255,515,515,1605,370,450,480,450
127,Mozambique,0,0,0,0,0,0,0,0,0,0,0,0,0,0,0,0,0,0,0,0,0,0,0,0,0,0,0,0,0,0,0,0,0,0,0,0,0,0,0,0,0,0,0,0,0,0,0,0,0,0,0,0,0,0,0,0,0,0,0,0,0,0,0,0,0,0,0,0,0,0,0,0,0,0,0,0,0,0,5,0,5,0,0,0,0,0,0,0,0,0,0,0,0,0,0,0,5,0,0,0
128,Myanmar (Burma),0,25,20,30,15,50,20,15,30,40,120,70,5,40,65,40,35,160,85,30,190,0,10,15,55,40,110,10,0,25,10,10,25,0,15,25,25,10,50,0,30,40,5,25,35,25,25,60,5,25,10,0,5,20,40,10,45,10,25,15,5,5,25,0,0,5,0,10,15,10,0,15,0,0,10,0,20,25,10,25,45,25,10,45,15,15,50,10,15,30,15,35,80,10,10,30,5,5,25,0
129,Namibia,0,0,15,10,0,5,20,10,5,10,15,0,0,10,20,5,5,25,5,10,15,0,0,5,0,15,25,5,25,35,15,0,25,10,15,30,10,0,30,15,15,45,5,0,20,15,10,40,15,15,5,5,15,15,5,5,10,5,10,10,5,10,20,0,10,15,0,0,10,15,10,25,10,0,15,5,0,15,10,10,25,5,10,15,10,0,25,10,0,20,0,5,15,5,0,15,20,10,5,0
130,Nauru,0,0,0,0,0,0,0,0,0,0,0,0,0,0,0,0,0,0,0,0,0,0,0,0,0,0,0,0,0,0,0,0,0,0,0,0,0,0,0,0,0,0,0,0,0,0,0,0,0,0,0,0,0,0,0,0,0,0,0,0,0,0,0,0,0,0,0,0,0,0,0,0,0,0,0,0,0,0,0,0,0,0,0,0,0,0,0,0,0,0,0,0,0,0,0,0,0,0,0,0
131,Nepal,60,40,50,70,180,205,195,190,145,95,160,145,55,105,255,95,85,265,65,35,125,30,40,110,65,80,205,85,115,275,140,75,295,70,175,340,95,130,320,135,115,385,125,165,410,120,105,285,95,85,105,90,120,155,115,125,165,150,120,85,80,105,265,0,20,80,45,25,105,40,30,115,100,80,230,75,75,210,70,120,280,80,120,305,135,130,400,130,140,370,95,120,340,110,115,330,190,170,140,90
132,"Netherlands Antilles, The",0,0,0,0,0,0,0,0,0,0,0,0,0,0,0,0,0,0,0,0,0,0,0,0,0,0,0,0,0,0,0,0,0,0,0,0,0,0,0,0,0,0,0,0,0,0,0,0,0,0,0,0,0,0,0,0,0,0,0,0,0,0,0,0,0,0,0,0,0,0,0,0,0,0,0,0,0,0,0,0,0,0,0,0,0,0,0,0,0,0,0,0,0,0,0,0,0,0,0,0
133,"Netherlands, The",40,20,30,55,65,50,30,75,40,40,55,35,60,45,160,55,60,160,45,55,130,30,30,70,55,50,155,35,45,120,30,20,80,45,55,145,85,45,175,30,40,105,45,40,125,40,40,120,50,30,45,40,55,65,35,55,40,70,35,45,70,40,140,15,15,55,20,15,60,15,20,45,35,35,95,40,45,115,55,35,140,45,50,155,50,45,140,35,40,105,30,25,115,10,15,40,90,65,40,30
134,Nevis,0,0,0,0,0,0,0,0,0,0,0,0,0,0,0,0,0,0,0,0,0,0,0,0,0,0,0,0,0,0,0,0,0,0,0,0,0,0,0,0,0,0,0,0,0,0,0,0,0,0,0,0,0,0,0,0,0,0,0,0,0,0,0,0,0,0,0,0,0,0,0,0,0,0,0,0,0,0,0,0,0,0,0,0,0,0,0,0,0,0,0,0,0,0,0,0,0,0,0,0
135,New Caledonia,0,0,0,0,0,0,0,0,0,0,0,0,0,0,0,0,0,0,0,0,0,0,0,0,0,0,0,0,0,0,0,0,0,0,0,0,0,0,0,0,0,0,0,0,0,0,0,0,0,0,0,0,0,0,0,0,0,0,0,0,0,0,0,0,0,0,0,0,0,0,0,0,0,0,0,0,0,0,0,0,0,0,0,0,0,0,0,0,0,0,0,0,0,0,0,0,0,0,0,0
136,New Zealand,20,15,25,20,25,40,35,35,30,35,25,25,50,50,140,60,50,175,45,40,110,20,25,70,60,40,140,35,30,95,30,25,85,25,35,90,40,40,110,40,40,125,45,30,125,25,25,90,40,20,55,55,80,55,65,65,40,55,40,35,40,40,125,5,30,125,25,10,60,35,25,75,55,50,145,50,115,210,80,75,230,60,60,185,40,55,130,35,35,120,30,35,110,15,10,40,55,75,25,25
137,Nicaragua,0,5,15,0,10,10,5,10,15,5,0,10,0,0,5,20,5,35,10,5,25,0,0,10,5,15,25,10,15,35,5,15,20,5,5,20,5,10,25,15,20,45,10,10,40,10,0,20,0,15,0,5,10,15,10,5,15,5,5,10,10,10,30,0,0,10,0,0,5,10,5,30,10,10,45,20,30,85,40,40,110,40,30,95,20,20,60,15,40,85,25,30,85,15,15,70,30,30,25,25
138,"Niger, Republic of the",0,0,10,5,0,10,15,5,10,0,0,15,0,10,25,5,5,15,10,15,35,5,0,15,5,5,15,5,5,20,0,15,20,0,0,5,10,0,15,0,0,15,5,5,25,0,5,10,0,10,0,0,5,0,5,5,10,0,0,0,0,0,10,0,0,0,5,0,15,5,5,15,0,0,10,5,5,15,10,15,30,5,5,20,5,10,20,5,0,25,10,15,30,15,5,25,10,10,15,5
139,Nigeria,260,310,380,325,290,295,390,470,390,350,260,375,260,270,895,415,580,1615,525,400,1285,255,175,620,300,345,875,265,365,910,495,635,1610,680,825,2055,745,1100,2550,1080,880,3040,815,1005,2830,705,880,2500,620,665,810,1010,1180,1410,1510,1210,1345,1040,910,885,875,885,2380,115,330,970,560,420,1430,520,520,1575,1255,1150,3575,1105,1415,3460,1490,1460,3930,1540,1750,4630,1170,1620,4345,1905,2230,5760,2010,2740,7020,1330,1490,5010,1905,2140,1710,1375
140,"Northern Mariana Islands, Commonwealth of the",0,0,0,0,0,0,0,0,0,0,0,0,0,0,0,0,0,0,0,0,0,0,0,0,0,0,0,0,0,0,0,0,0,0,0,0,0,0,0,0,0,0,0,0,0,0,0,0,0,0,0,0,0,0,0,0,0,0,0,0,0,0,0,0,0,0,0,0,0,0,0,0,0,0,0,0,0,0,0,0,0,0,0,0,0,0,0,0,0,0,0,0,0,0,0,0,0,0,0,0
141,Norway,0,5,0,0,5,10,0,5,0,0,0,5,0,5,25,5,0,15,10,10,25,10,5,25,0,5,15,5,5,15,10,0,20,10,0,15,5,10,20,0,5,10,10,0,25,5,10,20,0,0,10,10,5,10,0,5,0,5,5,5,5,0,15,0,0,10,10,0,10,0,0,10,0,10,15,0,10,20,10,20,35,0,0,15,0,5,15,5,0,10,0,5,10,0,0,10,10,10,5,0
142,Oman,0,0,0,0,0,0,0,0,0,0,0,0,0,0,0,0,0,0,0,0,0,0,0,0,0,0,0,0,0,0,0,0,0,0,0,0,0,0,10,0,0,0,0,0,0,0,0,0,0,0,0,0,0,0,0,0,0,0,0,0,0,0,0,0,5,5,0,0,0,0,0,0,0,0,5,0,0,0,0,0,0,0,0,5,0,0,0,0,0,5,0,0,5,0,0,0,0,0,0,0
143,Other,0,0,0,0,0,0,0,0,0,0,0,0,0,0,0,0,0,0,0,0,0,0,0,0,0,0,0,0,0,0,0,0,0,0,0,0,0,0,5,0,0,5,0,0,0,0,0,0,0,0,0,0,0,0,0,0,0,0,0,0,0,0,0,0,0,5,0,0,0,0,0,0,0,0,5,0,5,5,10,5,25,0,0,5,0,0,5,0,0,0,0,0,0,0,0,0,0,0,0,0
144,Pakistan,505,705,1010,815,1180,1095,1190,1060,1105,930,875,830,670,940,2830,1150,1360,3715,1230,880,2820,820,575,1985,490,725,1840,645,695,1985,800,615,2060,560,700,1770,785,930,2245,785,870,2460,680,765,2405,760,775,2385,585,720,855,820,980,1245,1225,880,980,875,915,720,610,870,2275,190,260,1050,645,395,1525,480,500,1375,640,460,1655,505,500,1345,915,1055,2710,965,910,2770,830,1000,2490,890,1265,3040,880,1180,3250,815,670,2815,960,1205,930,865
145,"Palau, Republic of",0,0,0,0,0,0,0,0,0,0,0,0,0,0,0,0,0,0,0,0,0,0,0,0,0,0,0,0,0,0,0,0,0,0,0,0,0,0,0,0,0,0,0,0,0,0,0,0,0,0,0,0,0,0,0,0,0,0,0,0,0,0,0,0,0,0,0,0,0,0,0,0,0,0,0,0,0,0,0,0,0,0,0,0,0,0,0,0,0,0,0,0,0,0,0,0,0,0,0,0
146,Palestinian Authority (Gaza/West Bank),25,20,20,20,25,40,30,40,60,20,65,35,25,30,85,20,45,110,60,35,140,35,15,75,25,30,75,20,25,60,45,35,110,20,35,75,30,60,100,30,45,100,35,30,105,60,35,150,60,35,50,55,55,55,55,55,60,45,35,25,60,65,175,0,25,70,45,30,135,40,30,100,80,50,250,50,60,165,85,110,265,95,90,305,95,100,265,75,80,205,95,60,235,45,35,160,95,80,75,40
147,"Panama, Republic of",0,5,0,0,5,5,0,5,0,5,5,0,0,5,10,0,0,20,0,5,10,0,0,5,0,5,10,0,0,10,5,0,15,0,10,20,0,5,15,0,0,15,0,5,20,0,0,5,0,0,0,10,5,15,5,10,10,10,0,0,0,5,10,0,10,15,0,0,0,0,0,5,10,5,20,15,20,40,10,15,35,10,15,40,10,10,25,0,10,15,10,5,25,0,0,5,10,10,5,0
148,Papua New Guinea,0,0,0,0,0,0,5,0,0,0,0,0,0,0,0,0,0,0,0,5,5,0,0,0,0,0,0,0,0,0,0,0,0,0,0,0,0,0,0,0,0,0,0,0,0,0,0,0,0,0,0,0,0,0,0,0,0,0,0,0,0,0,0,0,0,0,0,0,0,0,0,0,0,0,0,0,0,0,0,0,0,0,0,0,0,0,0,0,0,0,0,0,0,0,0,0,0,0,0,0
149,Paraguay,0,0,0,0,0,0,0,5,10,0,0,0,0,0,15,0,0,10,0,0,15,5,0,10,10,0,20,0,10,15,5,0,15,0,5,10,0,0,5,5,0,5,0,10,25,0,20,25,0,10,10,10,10,0,15,20,10,5,0,0,5,0,10,5,0,15,5,0,10,0,0,5,0,5,15,0,0,0,5,0,10,0,0,10,0,5,15,5,5,20,0,0,0,0,0,0,10,5,0,0
150,Peru,40,30,55,40,40,50,40,65,50,40,45,55,35,45,130,45,55,145,45,35,100,20,25,65,25,35,95,30,50,125,35,35,110,40,20,90,45,50,145,55,40,125,45,50,135,30,55,145,35,30,45,40,45,45,35,45,55,45,50,35,35,20,75,20,20,70,5,20,45,15,25,65,45,40,130,30,60,145,50,85,200,85,55,195,70,60,165,60,65,200,50,70,175,40,45,120,90,90,80,30
151,Philippines,2535,3880,3935,4560,5175,5575,4785,4205,5240,4020,3830,3105,2935,3410,10620,5110,5090,14915,3830,2945,9850,1915,1815,6470,3750,3590,10660,4430,4355,13290,3380,2795,9105,2140,3330,7850,2790,3490,9100,3780,3435,11070,2515,3045,8280,2265,1645,6600,1820,1905,2235,2335,2790,3035,2635,2420,2805,2295,1915,1620,1805,1940,5020,340,640,1880,870,560,2015,600,750,2065,1060,750,2845,725,1385,2800,1785,2105,5600,2080,2445,6775,2520,2250,6745,1935,2055,5920,1455,2190,5790,970,990,3645,2850,2885,2330,1415
152,Poland,30,60,70,75,90,90,60,120,100,115,95,70,95,95,275,105,130,360,95,75,230,45,40,135,150,90,345,80,70,240,80,60,205,70,60,205,85,75,230,80,95,245,100,75,250,55,45,175,65,45,90,85,95,55,80,115,90,105,55,30,60,65,150,10,40,90,30,20,85,25,50,90,55,35,140,40,70,160,80,50,195,70,50,185,75,55,195,60,40,155,40,40,110,20,10,50,120,90,60,25
153,Portugal,40,40,40,75,80,85,80,90,90,85,70,55,70,65,205,75,115,265,125,60,235,55,50,150,120,80,275,50,75,190,40,50,155,60,55,175,60,85,205,85,90,230,75,75,225,80,55,205,50,30,70,80,100,75,75,75,90,95,70,40,80,70,190,15,50,110,35,30,120,45,50,130,65,65,185,65,80,195,95,70,235,90,95,270,80,95,240,85,110,260,105,75,280,20,35,95,200,115,100,35
154,Puerto Rico,0,0,0,0,0,0,0,0,0,0,0,0,0,0,0,0,0,0,0,0,0,0,0,0,0,0,0,0,0,0,0,0,0,0,0,0,0,0,0,0,0,0,0,0,0,0,0,0,0,0,0,0,0,0,0,0,0,0,0,0,0,0,0,0,0,0,0,0,0,0,0,0,0,0,0,0,0,0,0,0,0,0,0,0,0,0,0,0,0,0,0,0,0,0,0,0,0,0,0,0
155,Qatar,0,0,0,0,0,0,0,0,0,0,0,0,0,0,0,0,0,0,0,0,0,0,0,0,0,0,0,0,0,0,0,0,0,0,0,0,0,0,0,0,0,0,0,0,0,0,0,0,0,0,0,0,0,0,0,0,0,0,0,0,0,0,0,0,5,5,0,0,0,0,0,0,0,0,0,0,0,0,0,0,0,0,0,0,0,0,0,0,0,0,0,0,0,0,0,0,0,0,0,0
156,Romania,55,90,80,85,90,95,115,80,90,130,190,75,120,130,350,125,120,400,90,95,290,125,125,325,135,110,330,85,95,270,45,75,190,95,50,190,70,70,210,60,80,210,60,75,210,75,35,180,40,50,50,70,80,70,65,50,65,70,35,25,55,45,125,5,30,55,25,20,80,20,30,70,40,40,130,35,40,100,80,55,185,65,60,190,60,50,145,45,45,125,50,35,135,25,20,70,60,55,45,30
157,Russia,110,95,170,160,130,200,250,200,195,235,235,140,180,185,595,195,210,700,235,205,680,160,135,435,160,225,540,220,235,670,210,150,535,180,190,555,165,190,575,190,240,595,170,190,540,140,135,435,145,125,175,205,235,235,220,215,205,200,150,155,205,175,520,35,65,230,95,95,305,130,120,330,140,125,410,150,245,490,190,185,545,165,165,565,140,255,520,105,155,385,145,170,450,65,75,265,235,175,140,115
158,Rwanda,25,15,15,25,35,25,35,40,40,40,25,35,25,15,55,15,45,115,40,40,115,20,20,80,20,45,85,20,45,110,30,25,110,10,20,50,15,60,100,25,20,80,60,70,165,35,50,115,35,20,40,50,25,45,65,55,70,40,40,60,25,25,80,0,20,30,25,40,80,35,35,110,45,25,95,35,50,125,75,80,205,90,110,295,85,115,270,60,65,240,70,130,300,55,70,220,85,70,80,60
159,"Samoa, American",0,0,0,0,0,0,0,0,0,0,0,0,0,0,0,0,0,0,0,0,0,0,0,0,0,0,0,0,0,0,0,0,0,0,0,0,0,0,0,0,0,0,0,0,0,0,0,0,0,0,0,0,0,0,0,0,0,0,0,0,0,0,0,0,0,0,0,0,0,0,0,0,0,0,0,0,0,0,0,0,0,0,0,0,0,0,0,0,0,0,0,0,0,0,0,0,0,0,0,0
160,"Samoa, Independent State of",0,0,0,0,0,0,0,0,0,0,0,0,0,0,0,0,0,0,0,0,0,0,0,0,0,0,0,0,0,0,0,0,0,0,0,0,0,0,0,0,0,0,0,0,0,0,0,0,0,0,0,0,0,0,0,0,0,0,0,0,0,0,0,0,0,0,0,0,0,0,0,0,0,0,0,0,0,0,0,0,0,0,0,0,0,0,0,0,0,0,0,0,0,0,0,0,0,0,0,0
161,San Marino,0,0,0,0,0,0,0,0,0,0,0,0,0,0,0,0,0,0,0,0,0,0,0,0,0,0,0,0,0,0,0,0,0,0,0,0,0,0,0,0,0,0,0,0,0,0,0,0,0,0,0,0,0,0,0,0,0,0,0,0,0,0,0,0,0,0,0,0,0,0,0,0,0,0,0,0,0,0,0,0,0,0,0,0,0,0,0,0,0,0,0,0,0,0,0,0,0,0,0,0
162,Sao Tome and Principe,0,0,0,0,0,0,0,0,0,0,0,0,0,0,0,0,0,0,0,0,0,0,0,0,0,0,0,0,0,0,0,0,0,0,0,0,0,0,0,0,0,0,0,0,0,0,0,0,0,0,0,0,0,0,0,0,0,0,0,0,0,0,0,0,0,0,0,0,0,0,0,0,0,0,0,0,0,0,0,0,0,0,0,0,0,0,0,0,0,0,0,0,0,0,0,0,0,0,0,0
163,Saudi Arabia,10,5,20,10,25,10,20,15,15,10,15,0,25,10,55,10,20,45,5,20,35,10,10,35,25,20,50,10,30,50,30,15,60,15,20,50,35,40,95,15,45,85,30,15,60,25,20,70,35,15,25,25,30,20,45,40,45,10,10,10,25,25,65,10,15,40,15,5,40,15,25,45,45,35,105,25,35,85,40,35,105,35,30,120,30,45,100,20,25,75,25,20,85,0,0,30,40,30,10,25
164,Senegal,30,45,45,50,50,55,65,65,85,55,45,55,30,50,135,50,50,155,80,55,190,35,45,120,40,70,155,45,45,160,55,25,125,30,25,80,50,45,130,40,50,140,60,50,180,35,55,145,15,15,20,25,40,55,50,55,75,50,40,40,40,35,95,0,15,30,25,25,85,20,30,65,50,35,120,35,50,115,75,80,215,85,65,220,60,90,195,80,110,275,70,100,280,80,115,265,65,85,90,85
165,"Serbia, Republic of",40,30,50,45,40,70,55,65,70,70,45,30,45,75,165,45,25,110,45,30,105,40,30,100,35,45,115,25,40,100,20,25,70,40,20,85,30,40,100,50,50,160,35,50,140,20,40,100,20,25,45,35,70,55,60,75,60,45,35,20,25,35,85,10,10,45,20,15,55,10,10,25,15,10,55,25,25,70,55,70,175,20,30,95,35,35,105,40,30,100,25,35,110,10,5,40,45,55,20,20
166,Seychelles,0,0,0,0,0,0,0,0,0,0,0,0,0,0,0,0,0,0,0,0,0,0,0,0,0,0,0,0,0,0,0,0,0,0,0,0,0,0,0,0,0,0,0,0,0,0,0,0,0,0,0,0,0,0,0,0,0,0,0,0,0,0,0,0,0,0,0,0,0,0,0,0,0,0,0,0,0,0,0,0,0,0,0,0,0,0,0,0,0,0,0,0,0,0,0,0,0,0,0,0
167,Sierra Leone,10,15,15,20,0,10,0,0,5,0,5,0,0,10,20,10,5,30,5,0,10,5,10,25,10,0,10,0,5,10,0,0,5,5,5,10,0,5,20,0,0,10,5,5,20,0,10,20,0,0,0,0,0,5,5,10,5,5,0,5,5,10,20,0,0,5,0,5,10,5,0,10,0,0,5,0,5,15,10,10,20,5,5,15,0,10,20,0,0,10,5,10,25,5,5,15,0,10,10,0
168,Singapore,10,10,20,15,15,30,20,35,40,15,20,30,25,15,55,30,40,90,30,10,65,5,20,55,30,35,80,20,15,60,20,20,70,35,40,115,15,40,85,60,25,95,25,25,75,45,25,85,10,25,25,20,25,30,35,20,35,30,15,45,25,30,70,10,15,45,15,10,35,10,15,25,15,10,35,5,30,40,30,25,70,25,35,80,30,25,80,25,35,100,30,10,60,10,25,60,35,40,30,10
169,Slovak Republic,5,10,20,10,15,30,15,15,40,20,15,10,15,25,65,30,50,115,30,15,50,10,15,35,25,20,60,20,30,75,20,20,70,15,20,55,20,30,65,50,30,110,20,10,50,20,20,80,25,10,25,35,40,55,55,45,40,25,20,10,35,45,90,0,40,75,40,30,85,25,10,40,40,25,105,10,40,65,15,20,70,20,15,55,25,35,85,5,20,40,25,15,55,0,5,15,10,30,30,0
170,Slovenia,10,0,0,0,0,0,0,5,5,0,5,0,0,5,10,0,0,0,0,0,5,0,10,15,5,0,10,0,0,10,5,10,20,5,0,10,10,0,15,5,0,10,0,0,10,0,0,10,0,0,0,0,10,5,0,5,0,5,0,0,0,0,0,0,0,0,0,0,5,0,0,0,5,0,10,0,5,10,0,0,5,0,0,10,0,0,5,0,0,5,0,0,5,0,0,0,10,10,5,5
171,Solomon Islands,0,0,0,0,0,0,0,0,0,0,0,0,0,0,0,0,0,0,0,0,0,0,0,0,0,0,0,0,0,0,0,0,0,0,0,0,0,0,0,0,0,0,0,0,0,0,0,0,0,0,0,0,0,0,0,0,0,0,0,0,0,0,0,0,0,0,0,0,0,0,0,0,0,0,0,0,0,0,0,0,0,0,0,0,0,10,10,0,0,0,0,0,0,0,0,0,5,0,0,0
172,"Somalia, Democratic Republic of",90,85,85,50,65,95,120,60,90,180,100,145,60,90,270,90,155,410,110,105,370,100,80,265,55,165,310,95,180,405,100,135,325,115,120,350,70,120,290,180,170,470,95,200,435,330,320,950,150,180,295,180,290,400,355,185,510,370,225,140,125,165,415,0,45,75,85,60,230,95,90,290,130,80,285,75,170,320,90,240,445,375,235,1030,150,260,490,220,235,665,100,270,520,660,320,1270,400,415,455,395
173,"South Africa, Republic of",25,40,85,105,105,105,100,105,85,65,75,45,65,95,275,115,75,285,90,75,240,75,65,270,145,155,425,115,95,340,105,85,305,160,205,485,165,220,600,115,155,510,150,80,400,85,105,315,85,80,110,130,155,180,165,200,220,185,130,155,145,135,400,65,85,300,45,40,145,110,95,280,130,70,265,135,155,390,220,165,575,155,130,390,160,175,495,135,145,465,160,205,535,55,105,250,290,290,215,110
174,"South Sudan, Republic of",0,0,0,0,0,0,5,0,20,10,0,15,0,20,35,0,0,10,0,15,40,0,5,15,10,10,25,0,10,25,0,10,25,20,10,45,15,10,25,0,10,25,15,35,55,45,10,65,15,0,15,15,20,10,25,35,65,20,20,15,25,25,50,0,0,0,0,0,15,0,0,45,0,10,15,0,5,15,5,25,75,10,10,55,20,20,55,25,20,70,55,25,105,50,45,145,30,30,20,30
175,Spain,50,30,35,80,70,70,80,85,65,60,50,55,80,50,210,55,60,180,45,50,145,40,40,115,85,45,180,60,45,155,50,65,170,60,60,170,65,50,195,60,55,175,70,50,195,50,40,160,55,50,60,45,60,40,50,65,85,65,50,30,60,40,135,5,30,85,30,15,80,45,30,95,45,55,150,65,85,200,115,110,330,55,85,235,70,70,210,40,70,150,45,60,145,25,35,70,115,100,55,35
176,Sri Lanka,95,110,160,145,170,160,165,135,190,160,145,150,140,160,495,155,165,440,85,55,195,80,170,405,115,235,560,210,205,610,195,120,425,130,255,555,220,235,650,205,195,590,140,160,460,140,150,460,140,120,195,190,235,215,180,175,170,220,220,170,160,170,485,15,70,205,105,95,345,155,80,305,170,165,470,125,145,415,195,220,630,145,215,515,195,165,550,180,240,590,165,290,735,190,165,635,310,295,255,140
177,St. Kitts-Nevis,0,0,10,0,0,0,5,5,0,0,0,5,5,0,5,0,10,20,5,0,10,0,0,0,0,5,5,0,0,10,10,0,10,5,0,5,0,0,0,0,0,0,0,0,0,0,5,10,0,0,0,0,0,0,10,5,0,5,0,0,5,0,5,0,0,0,0,0,0,0,0,5,0,0,0,0,0,5,0,0,5,5,10,20,0,0,5,5,0,10,10,0,15,0,0,0,10,0,5,5
178,St. Lucia,35,20,50,40,35,45,40,50,30,25,40,25,20,35,85,25,30,85,40,40,105,25,20,50,35,45,105,20,20,75,35,25,105,30,50,95,25,35,95,20,30,70,40,25,90,15,30,60,20,30,20,15,25,30,20,25,25,25,30,15,30,20,60,0,10,15,10,10,40,10,20,45,15,15,55,20,25,50,15,15,45,20,20,55,15,20,50,10,20,45,10,20,55,5,10,35,35,20,20,15
179,St. Vincent and the Grenadines,35,30,60,30,40,55,30,45,45,40,35,35,20,30,80,40,45,145,45,40,125,35,20,70,35,50,135,35,40,105,55,25,135,30,45,100,25,30,75,45,45,115,20,20,85,40,30,85,10,30,25,20,35,30,30,30,40,25,30,20,30,20,75,0,15,30,5,10,25,20,15,40,20,20,65,20,15,65,25,20,65,30,20,75,10,35,75,15,25,65,25,25,70,5,20,40,50,30,25,10
180,Stateless,65,75,110,65,45,95,145,115,125,80,65,60,75,60,215,110,105,270,70,50,170,40,90,185,115,75,260,100,95,265,125,65,260,45,65,150,60,90,180,65,120,255,60,70,230,65,100,230,75,65,85,85,120,75,190,70,60,70,70,50,70,55,170,0,35,65,80,45,165,45,45,125,115,35,225,70,110,270,75,75,235,155,105,380,105,100,285,40,80,190,90,100,285,40,50,155,60,95,65,60
181,"Sudan, Democratic Republic of",15,25,40,25,35,35,35,25,25,30,20,20,30,15,85,20,70,145,50,50,140,40,25,70,20,45,90,40,40,115,70,50,130,10,40,90,40,40,100,50,70,175,35,80,195,95,80,245,45,80,85,130,110,140,105,80,145,205,80,50,80,105,235,30,40,120,80,60,225,110,90,270,160,110,405,115,150,380,160,195,490,170,165,470,110,140,365,135,120,380,85,145,365,165,110,465,125,175,275,115
182,Surinam,0,0,0,0,0,0,0,0,0,0,0,0,0,0,0,0,0,0,0,0,5,0,0,0,0,0,0,0,0,0,0,0,0,0,0,0,0,0,0,0,0,0,0,0,0,0,0,0,0,0,0,0,5,0,0,0,0,0,0,0,0,5,5,0,0,0,0,0,0,0,0,0,0,0,0,0,0,0,0,0,0,0,0,0,0,0,0,0,0,0,0,0,0,0,0,0,0,0,0,0
183,Swaziland,0,0,10,0,0,5,0,0,0,0,0,0,0,0,0,0,0,10,0,0,0,0,0,0,5,5,15,5,0,10,5,0,10,0,0,0,0,0,0,0,0,5,0,0,0,0,0,0,0,0,0,0,0,0,0,0,5,0,0,0,0,0,0,0,0,0,0,0,0,0,0,5,0,0,5,0,0,0,0,0,0,10,0,10,0,0,0,0,0,5,0,0,0,0,0,0,0,0,0,0
184,Sweden,5,10,20,15,5,10,25,20,15,10,15,25,10,10,40,15,15,55,20,15,55,10,15,35,15,15,45,15,10,40,15,10,45,15,10,45,25,15,50,15,15,40,25,20,60,20,10,50,15,25,10,15,20,25,25,25,25,20,20,10,20,25,60,0,15,25,10,5,25,15,15,40,10,30,60,15,15,50,25,30,80,20,40,80,15,20,65,20,10,45,20,15,50,5,10,25,45,35,25,20
185,Switzerland,15,15,15,20,25,40,25,20,25,20,15,20,25,20,70,20,20,65,20,10,40,15,10,35,30,10,60,20,15,50,20,10,45,10,15,35,15,25,60,20,15,60,25,20,70,20,10,60,15,10,10,15,20,15,45,20,25,20,20,5,25,25,65,0,20,30,10,10,35,10,15,30,30,15,70,15,25,60,35,25,100,25,25,75,15,20,60,10,35,75,20,10,70,10,15,40,45,15,25,10
186,Syria,110,220,415,185,265,530,250,230,480,670,515,5980,9230,10845,20510,835,1000,3070,1070,805,3545,1990,2405,7875,570,2435,4260,1230,1075,3360,925,830,2340,805,685,2105,675,970,2025,1015,1805,3780,895,1340,3810,670,685,2430,390,700,555,690,900,1065,1750,745,1115,1130,660,420,445,835,1760,25,105,385,245,180,890,675,675,1845,325,360,1055,195,330,750,640,655,1875,720,710,1910,430,650,1375,635,690,1955,640,1050,2370,1085,945,2805,500,620,820,835
187,Taiwan,30,30,45,50,55,80,55,55,55,50,50,65,60,55,185,80,90,280,95,65,210,35,40,115,70,85,220,65,85,220,55,50,170,55,70,185,70,95,240,80,105,250,70,75,230,70,85,235,65,55,90,70,110,110,110,80,95,90,75,65,75,95,205,10,40,135,50,35,135,30,40,105,55,60,200,65,130,245,165,120,410,105,110,395,100,105,315,90,120,305,115,95,315,25,35,100,165,140,90,45
188,Tajikistan,0,5,10,5,0,10,0,5,0,0,0,0,0,0,5,5,0,10,0,5,10,0,0,0,0,5,5,0,10,20,0,0,5,0,5,5,0,0,5,0,10,15,0,0,15,0,10,25,0,0,0,0,5,10,0,0,15,0,0,0,0,0,5,0,0,0,0,0,5,0,5,10,0,5,10,5,0,10,5,5,10,0,0,15,0,0,0,0,0,10,5,20,30,0,5,30,0,0,15,0
189,"Tanzania, United Republic of",0,10,10,15,10,20,15,25,10,20,5,5,10,5,20,0,10,30,15,10,40,10,10,25,15,15,40,20,15,50,25,20,65,10,15,45,15,20,45,0,15,30,15,15,40,15,10,45,10,10,10,10,15,20,30,25,20,25,20,25,20,15,40,5,5,35,20,10,35,10,5,35,25,5,45,20,35,70,35,30,85,35,30,95,30,25,90,10,25,55,30,20,70,5,5,25,30,35,25,25
190,Thailand,30,25,40,50,50,40,55,40,40,40,30,45,45,30,135,60,50,150,25,25,90,30,25,85,40,65,150,70,70,205,45,35,125,35,50,115,30,60,135,45,40,125,50,50,155,40,35,120,45,20,50,35,50,40,40,50,60,30,30,35,25,45,110,10,25,50,15,15,55,25,30,75,30,25,70,30,45,95,35,50,120,65,40,160,30,30,105,30,45,110,25,35,105,20,30,65,70,80,50,40
191,"Togo, Republic of",10,15,35,30,15,40,10,10,45,10,20,25,10,30,60,35,20,100,20,15,45,25,5,40,20,10,45,15,5,25,25,20,75,15,25,65,25,30,70,40,30,95,30,40,115,40,20,70,15,15,15,15,20,40,50,25,45,60,65,45,20,35,85,5,10,35,10,25,60,15,20,60,20,15,55,10,15,45,20,35,75,45,50,150,30,35,80,45,60,140,25,55,130,50,85,210,55,75,70,40
192,Tonga,0,0,0,0,0,0,0,0,0,0,0,0,0,0,0,0,0,0,0,0,0,0,0,0,0,0,0,0,0,0,0,0,0,0,0,0,0,0,0,0,0,0,0,0,0,0,0,0,0,0,0,0,0,0,0,0,0,0,0,0,0,0,0,0,0,0,0,0,0,0,0,0,0,0,0,0,0,0,0,0,0,0,0,0,0,0,0,0,0,0,0,0,0,0,0,0,0,0,0,0
193,"Trinidad and Tobago, Republic of",10,15,25,25,30,55,40,50,20,30,25,20,15,25,75,50,35,115,25,15,70,30,10,65,25,25,70,25,35,85,20,40,95,40,40,125,30,45,100,35,50,130,40,50,145,40,45,135,30,30,35,40,40,50,50,70,70,70,55,60,55,40,125,10,5,50,25,15,55,30,30,70,45,25,110,30,35,95,55,45,130,50,50,155,40,60,140,35,55,140,65,45,160,20,20,75,80,45,65,15
194,Tunisia,50,65,80,140,95,105,130,130,150,125,105,100,75,90,265,100,160,365,180,120,400,95,70,270,100,140,325,115,90,355,205,175,495,95,90,260,140,240,490,130,165,445,135,220,535,115,140,465,40,90,150,125,110,205,240,115,210,195,255,245,170,150,460,25,120,280,160,120,390,140,90,300,175,135,425,115,240,430,570,215,945,285,285,835,265,375,795,435,475,1220,425,505,1590,405,290,1080,235,265,250,185
195,Turkey,50,65,60,55,75,90,105,75,105,60,65,65,60,85,230,70,100,290,100,90,250,50,45,150,80,90,255,75,90,240,120,85,295,105,95,320,105,165,340,150,155,445,170,170,565,295,205,730,185,160,225,285,270,385,370,315,260,160,120,95,280,280,710,50,160,380,110,105,420,220,240,610,600,375,1450,320,420,1005,330,375,1075,355,390,1095,250,285,785,200,185,615,220,235,705,90,70,315,230,210,210,125
196,Turkmenistan,0,0,0,0,0,0,0,0,0,0,0,0,0,0,0,0,0,0,0,0,5,0,0,0,0,0,0,0,0,5,5,0,5,0,0,5,0,0,0,0,0,0,0,0,0,0,0,0,0,0,5,0,0,0,0,0,0,5,0,0,0,5,5,0,0,0,0,0,0,0,0,0,0,0,0,0,0,10,5,10,20,20,0,20,0,0,0,5,0,5,10,0,10,0,0,5,0,0,10,5
197,Tuvalu,0,0,0,0,0,0,0,0,0,0,0,0,0,0,0,0,0,0,0,0,0,0,0,0,0,0,0,0,0,0,0,0,0,0,0,0,0,0,0,0,0,0,0,0,0,0,0,0,0,0,0,0,0,0,0,0,0,0,0,0,0,0,0,0,0,0,0,0,0,0,0,0,0,0,0,0,0,0,0,0,0,0,0,0,0,0,0,0,0,0,0,0,0,0,0,0,0,0,0,0
198,Uganda,25,15,20,15,10,10,15,15,25,15,5,10,15,10,40,15,15,50,10,15,45,10,15,45,10,15,35,30,20,70,25,10,55,15,20,50,30,20,80,25,20,60,15,35,65,20,30,65,40,20,20,15,50,55,45,30,55,55,40,15,50,15,75,0,15,35,20,10,45,15,20,90,65,25,140,30,50,120,65,75,175,50,85,185,55,60,205,25,35,110,60,70,195,25,30,120,60,65,70,40
199,Ukraine,120,155,160,155,160,205,230,260,280,245,195,180,185,275,805,300,345,1055,290,300,885,225,200,610,265,365,925,275,380,960,265,280,775,215,215,645,350,335,925,280,365,925,200,230,665,225,185,620,205,170,245,210,255,260,320,355,315,255,225,185,240,230,605,35,100,320,155,105,410,115,120,345,215,215,640,190,315,680,350,315,970,300,285,905,320,795,1385,355,320,1120,260,210,760,110,75,315,460,380,285,140
200,United Arab Emirates,0,0,0,0,0,0,0,0,0,0,0,0,0,0,0,0,0,5,0,0,0,0,0,0,0,0,0,0,0,0,0,0,5,0,0,0,0,0,0,0,5,5,0,0,0,0,0,5,0,0,0,0,0,5,10,0,0,0,0,0,0,0,0,0,0,0,0,0,0,0,0,0,0,0,5,0,0,0,0,0,0,0,0,5,0,0,0,0,5,10,0,0,10,0,0,0,0,0,0,0
201,United Kingdom and Overseas Territories,320,305,400,435,460,500,455,575,510,550,450,400,605,570,1795,545,610,1690,520,480,1395,340,235,925,670,455,1615,405,380,1230,340,370,1155,430,500,1315,585,525,1695,525,490,1485,495,395,1380,345,295,1100,375,280,435,420,545,515,560,645,550,540,415,355,485,425,1195,100,305,930,225,170,685,195,245,600,395,420,1160,470,775,1615,700,645,2050,570,535,1735,545,520,1545,405,415,1195,410,370,1195,150,215,555,790,665,520,265
202,United States of America,455,450,470,565,740,750,760,855,660,630,630,690,700,765,2300,810,865,2560,825,725,2175,565,430,1450,760,870,2345,770,850,2365,655,600,2045,755,920,2385,795,960,2625,965,1080,2840,1030,835,2915,875,780,2525,680,635,830,900,1045,1005,1150,1115,1010,920,835,660,875,895,2435,165,525,1425,405,375,1295,435,480,1225,605,820,2095,775,1130,2580,1175,1165,3490,1375,1185,3790,1045,1130,3235,870,980,2805,940,905,2885,350,590,1490,1790,1400,1075,590
203,Uruguay,0,0,0,0,10,0,0,10,0,0,5,0,0,0,15,0,0,10,10,10,20,0,5,10,0,0,5,5,0,10,0,0,0,0,0,5,0,0,5,0,5,10,0,5,20,0,0,10,0,0,0,0,10,5,0,0,0,5,5,0,0,0,5,0,0,10,0,0,10,0,0,5,5,0,15,0,5,10,10,5,20,10,5,25,5,10,25,0,10,15,0,0,15,0,0,5,10,5,10,0
204,Uzbekistan,5,5,25,15,10,20,15,5,25,20,20,20,10,5,35,20,25,80,20,25,65,15,10,30,10,10,30,10,30,65,10,5,30,15,25,55,15,10,30,20,30,55,15,10,50,25,15,55,10,5,0,15,15,10,20,15,10,15,5,10,10,15,30,0,5,10,5,0,20,10,10,35,15,10,40,5,10,25,15,5,30,5,10,25,0,10,20,20,15,35,15,0,30,5,5,25,5,15,15,20
205,Vanuatu,0,0,0,0,0,0,0,0,0,0,0,0,0,0,0,0,0,0,0,0,0,0,0,0,0,0,0,0,0,0,0,0,0,0,0,0,0,0,0,0,0,0,0,0,0,0,0,0,0,0,0,0,0,0,0,0,0,0,0,0,0,0,0,0,0,0,0,0,0,0,0,0,0,0,0,0,0,0,0,0,0,0,0,0,0,0,0,0,0,0,0,0,0,0,0,0,0,0,0,0
206,Venezuela,40,40,75,80,70,90,65,115,80,95,85,75,80,70,240,115,115,360,85,100,245,65,45,165,60,80,210,80,115,270,110,75,270,80,105,260,120,145,360,120,135,345,135,90,370,140,110,450,90,80,140,150,170,175,155,165,145,105,120,90,135,135,345,20,90,190,50,60,190,145,130,330,335,205,785,250,195,640,170,220,575,175,205,620,150,155,475,175,135,440,110,125,405,75,60,225,185,125,110,90
207,Vietnam,90,165,180,155,150,190,250,205,430,300,270,215,220,215,725,205,205,665,250,165,600,160,125,460,145,250,590,200,315,725,240,190,665,185,200,525,190,265,655,245,255,735,285,335,890,260,255,775,245,265,330,295,390,430,455,425,395,400,345,255,290,400,995,30,140,360,155,185,565,270,285,690,310,310,875,320,500,1045,610,595,1745,675,615,2090,565,580,1720,460,635,1630,490,460,1555,120,160,560,915,865,620,330
208,"Virgin Islands, British",0,0,0,0,0,0,0,0,0,0,0,0,0,0,0,0,0,0,0,0,0,0,0,0,0,0,0,0,0,0,0,0,0,0,0,0,0,0,0,0,0,0,0,0,0,0,0,0,0,0,0,0,0,0,0,0,0,0,0,0,0,0,0,0,0,0,0,0,0,0,0,0,0,0,0,0,0,0,0,0,0,0,0,0,0,0,0,0,0,0,0,0,0,0,0,0,0,0,0,0
209,Western Sahara,0,0,0,0,0,0,0,0,0,0,0,0,0,0,0,0,0,0,0,0,0,0,0,0,0,0,0,0,0,0,0,0,0,0,0,0,0,0,0,0,0,0,0,0,0,0,0,0,0,0,0,0,0,0,0,0,0,0,0,0,0,0,0,0,0,0,0,0,0,0,0,0,0,0,0,0,0,0,0,0,0,0,0,0,0,0,0,0,0,0,0,0,0,0,0,0,0,0,0,0
210,Yemen,15,5,25,20,15,20,15,15,20,20,20,15,15,5,40,0,45,70,10,10,35,10,5,20,10,15,40,20,35,80,45,10,80,20,15,50,20,40,85,30,35,100,35,60,155,100,65,215,55,50,55,60,60,65,110,50,60,35,40,30,55,40,170,15,45,90,30,55,165,70,55,160,205,120,440,90,85,260,70,145,320,155,95,360,80,90,255,90,70,230,35,75,190,35,45,150,80,50,45,30
211,Zambia,0,0,0,0,0,0,0,10,5,5,0,10,0,0,5,5,5,20,0,5,10,5,0,15,15,0,25,5,10,25,5,0,15,5,15,20,5,10,25,0,0,5,0,5,25,5,0,15,0,0,10,5,5,5,10,10,5,10,0,10,10,0,20,5,0,15,0,0,10,0,0,10,10,10,20,0,10,25,10,0,20,10,10,30,5,10,20,10,5,20,10,0,30,5,0,15,20,10,10,0
212,Zimbabwe,15,15,25,15,20,15,25,20,20,30,15,15,25,15,65,25,50,105,10,20,50,20,30,65,35,45,100,30,40,100,55,25,115,20,40,105,55,80,185,75,35,160,50,30,130,35,50,120,55,40,35,50,50,50,35,60,60,40,40,45,50,30,115,5,20,50,10,15,40,25,50,135,40,20,90,30,50,100,45,60,160,40,80,165,70,65,180,50,60,165,60,65,165,25,35,95,70,60,40,50
